x,y,mi,mis,sc,sc_masked,mean_intensity
-1200,-1400,0.0,0.0,0.2797088623046875,0.0,165.93826270246282
-1100,-1400,0.0,0.0,0.2797088623046875,0.0,165.93826270246282
-1000,-1400,0.0,0.0,0.2797088623046875,0.0,165.93826270246282
-900,-1400,0.0,0.0,0.2797088623046875,0.0,165.93826270246282
-800,-1400,0.0,0.0,0.2797088623046875,0.0,165.93826270246282
-700,-1400,0.0,0.0,0.2797088623046875,0.0,165.93826270246282
-600,-1400,0.0,0.0,0.2797088623046875,0.0,165.93826270246282
-500,-1400,0.0,0.0,0.2797088623046875,0.0,165.93826270246282
-400,-1400,0.0,0.0,0.2797088623046875,0.0,165.93826270246282
-300,-1400,0.0,0.0,0.2797088623046875,0.0,165.93826270246282
-200,-1400,0.0,0.0,0.2797088623046875,0.0,165.93826270246282
-100,-1400,0.0,0.0,0.2797088623046875,0.0,165.93826270246282
0,-1400,0.0,0.0,0.2797088623046875,0.0,165.93826270246282
100,-1400,0.0,0.0,0.2797088623046875,0.0,165.93826270246282
200,-1400,0.0,0.0,0.2797088623046875,0.0,165.93826270246282
300,-1400,0.0,0.0,0.2797088623046875,0.0,165.93826270246282
400,-1400,0.0,0.0,0.2797088623046875,0.0,165.93826270246282
500,-1400,0.0,0.0,0.2797088623046875,0.0,165.93826270246282
600,-1400,0.0,0.0,0.2797088623046875,0.0,165.93826270246282
700,-1400,0.0,0.0,0.2797088623046875,0.0,165.93826270246282
800,-1400,0.0,0.0,0.2797088623046875,0.0,165.93826270246282
900,-1400,0.0,0.0,0.2797088623046875,0.0,165.93826270246282
1000,-1400,0.0,0.0,0.2797088623046875,0.0,165.93826270246282
1100,-1400,0.0,0.0,0.2797088623046875,0.0,165.93826270246282
1200,-1400,0.0,0.0,0.2797088623046875,0.0,165.93826270246282
-1200,-1300,0.0,0.0,0.2797088623046875,0.0,165.93826270246282
-1100,-1300,0.0,0.0,0.2797088623046875,0.0,165.93826270246282
-1000,-1300,0.0,0.0,0.2797088623046875,0.0,165.93826270246282
-900,-1300,0.0,0.0,0.2797088623046875,0.0,165.93826270246282
-800,-1300,0.0,0.0,0.2797088623046875,0.0,165.93826270246282
-700,-1300,0.0,0.0,0.2797088623046875,0.0,165.93826270246282
-600,-1300,0.0,0.0,0.2797088623046875,0.0,165.93826270246282
-500,-1300,0.0,0.0,0.2797088623046875,0.0,165.93826270246282
-400,-1300,0.0,0.0,0.2797088623046875,0.0,165.93826270246282
-300,-1300,0.0,0.0,0.2797088623046875,0.0,165.93826270246282
-200,-1300,0.0,0.0,0.2797088623046875,0.0,165.93826270246282
-100,-1300,0.0,0.0,0.2797088623046875,0.0,165.93826270246282
0,-1300,0.0,0.0,0.2797088623046875,0.0,165.93826270246282
100,-1300,0.0,0.0,0.2797088623046875,0.0,165.93826270246282
200,-1300,0.0,0.0,0.2797088623046875,0.0,165.93826270246282
300,-1300,0.0,0.0,0.2797088623046875,0.0,165.93826270246282
400,-1300,0.0,0.0,0.2797088623046875,0.0,165.93826270246282
500,-1300,0.0,0.0,0.2797088623046875,0.0,165.93826270246282
600,-1300,0.0,0.0,0.2797088623046875,0.0,165.93826270246282
700,-1300,0.0,0.0,0.2797088623046875,0.0,165.93826270246282
800,-1300,0.0,0.0,0.2797088623046875,0.0,165.93826270246282
900,-1300,0.0,0.0,0.2797088623046875,0.0,165.93826270246282
1000,-1300,0.0,0.0,0.2797088623046875,0.0,165.93826270246282
1100,-1300,0.0,0.0,0.2797088623046875,0.0,165.93826270246282
1200,-1300,0.0,0.0,0.2797088623046875,0.0,165.93826270246282
-1200,-1200,0.0,0.0,0.2797088623046875,0.0,165.93826270246282
-1100,-1200,0.0,0.0,0.2797088623046875,0.0,165.93826270246282
-1000,-1200,0.0,0.0,0.2797088623046875,0.0,165.93826270246282
-900,-1200,0.0,0.0,0.2797088623046875,0.0,165.93826270246282
-800,-1200,0.0,0.0,0.2797088623046875,0.0,165.93826270246282
-700,-1200,0.0,0.0,0.2797088623046875,0.0,165.93826270246282
-600,-1200,0.0,0.0,0.2797088623046875,0.0,165.93826270246282
-500,-1200,0.0,0.0,0.2797088623046875,0.0,165.93826270246282
-400,-1200,0.0,0.0,0.2797088623046875,0.0,165.93826270246282
-300,-1200,0.0,0.0,0.2797088623046875,0.0,165.93826270246282
-200,-1200,0.0,0.0,0.2797088623046875,0.0,165.93826270246282
-100,-1200,0.0,0.0,0.2797088623046875,0.0,165.93826270246282
0,-1200,0.0,0.0,0.2797088623046875,0.0,165.93826270246282
100,-1200,0.0,0.0,0.2797088623046875,0.0,165.93826270246282
200,-1200,0.0,0.0,0.2797088623046875,0.0,165.93826270246282
300,-1200,0.0,0.0,0.2797088623046875,0.0,165.93826270246282
400,-1200,0.0,0.0,0.2797088623046875,0.0,165.93826270246282
500,-1200,0.0,0.0,0.2797088623046875,0.0,165.93826270246282
600,-1200,0.0,0.0,0.2797088623046875,0.0,165.93826270246282
700,-1200,0.0,0.0,0.2797088623046875,0.0,165.93826270246282
800,-1200,0.0,0.0,0.2797088623046875,0.0,165.93826270246282
900,-1200,0.0,0.0,0.2797088623046875,0.0,165.93826270246282
1000,-1200,0.0,0.0,0.2797088623046875,0.0,165.93826270246282
1100,-1200,0.0,0.0,0.2797088623046875,0.0,165.93826270246282
1200,-1200,0.0,0.0,0.2797088623046875,0.0,165.93826270246282
-1200,-1100,0.0,0.0,0.2797088623046875,0.0,165.93826270246282
-1100,-1100,0.0,0.0,0.2797088623046875,0.0,165.93826270246282
-1000,-1100,0.0,0.0,0.2797088623046875,0.0,165.93826270246282
-900,-1100,0.0,0.0,0.2797088623046875,0.0,165.93826270246282
-800,-1100,0.0,0.0,0.2797088623046875,0.0,165.93826270246282
-700,-1100,0.0,0.0,0.2797088623046875,0.0,165.93826270246282
-600,-1100,0.0,0.0,0.2797088623046875,0.0,165.93826270246282
-500,-1100,0.0,0.0,0.2797088623046875,0.0,165.93826270246282
-400,-1100,0.0,0.0,0.2797088623046875,0.0,165.93826270246282
-300,-1100,0.0,0.0,0.2797088623046875,0.0,165.93826270246282
-200,-1100,0.0,0.0,0.2797088623046875,0.0,165.93826270246282
-100,-1100,0.0,0.0,0.2797088623046875,0.0,165.93826270246282
0,-1100,0.0,0.0,0.2797088623046875,0.0,165.93826270246282
100,-1100,0.0,0.0,0.2797088623046875,0.0,165.93826270246282
200,-1100,0.0,0.0,0.2797088623046875,0.0,165.93826270246282
300,-1100,0.0,0.0,0.2797088623046875,0.0,165.93826270246282
400,-1100,0.0,0.0,0.2797088623046875,0.0,165.93826270246282
500,-1100,0.0,0.0,0.2797088623046875,0.0,165.93826270246282
600,-1100,0.0,0.0,0.2797088623046875,0.0,165.93826270246282
700,-1100,0.0,0.0,0.2797088623046875,0.0,165.93826270246282
800,-1100,0.0,0.0,0.2797088623046875,0.0,165.93826270246282
900,-1100,0.0,0.0,0.2797088623046875,0.0,165.93826270246282
1000,-1100,0.0,0.0,0.2797088623046875,0.0,165.93826270246282
1100,-1100,0.0,0.0,0.2797088623046875,0.0,165.93826270246282
1200,-1100,0.0,0.0,0.2797088623046875,0.0,165.93826270246282
-1200,-1000,0.0,0.0,0.2797088623046875,0.0,165.93826270246282
-1100,-1000,0.002194082707107203,0.002194082707107203,0.2797088623046875,0.0,165.81733969380963
-1000,-1000,0.011507481487939895,0.011507481487939895,0.2797088623046875,0.0,165.43765254049256
-900,-1000,0.013710292019036827,0.013710292019036827,0.2797088623046875,0.0,165.10650099844685
-800,-1000,0.019076128927134985,0.019076128927134985,0.2797088623046875,0.0,165.03966052806746
-700,-1000,0.019076128927134985,0.019076128927134985,0.2797088623046875,0.0,165.03966052806746
-600,-1000,0.019076128927134985,0.019076128927134985,0.2797088623046875,0.0,165.03966052806746
-500,-1000,0.019076128927134985,0.019076128927134985,0.2797088623046875,0.0,165.03966052806746
-400,-1000,0.058863179306825164,0.060760228341659867,0.2797088623046875,0.009485245174173509,163.95196361215886
-300,-1000,0.12341610351368718,0.12988382039853297,0.281097412109375,0.032338584424228975,161.0165853117373
-200,-1000,0.16358831517728295,0.1767123444650575,0.283477783203125,0.06562014643887286,156.20457066785002
-100,-1000,0.18114280374075176,0.2005237666872794,0.2850799560546875,0.09690481473263812,153.1115487020191
0,-1000,0.18288572369665942,0.20053604541842557,0.284881591796875,0.0882516086088307,153.67372975371643
100,-1000,0.1749203963099466,0.19191618064542476,0.283233642578125,0.08497892167739073,154.26009540714443
200,-1000,0.1374333941315517,0.1470517655537838,0.2811279296875,0.048091857111160416,158.85173064122475
300,-1000,0.08218765313044518,0.08255375031260627,0.2806854248046875,0.0018304859108054137,164.77118926114932
400,-1000,0.019755185201619774,0.019755185201619774,0.2797088623046875,0.0,165.03966052806746
500,-1000,0.019076128927134985,0.019076128927134985,0.2797088623046875,0.0,165.03966052806746
600,-1000,0.019076128927134985,0.019076128927134985,0.2797088623046875,0.0,165.03966052806746
700,-1000,0.019076128927134985,0.019076128927134985,0.2797088623046875,0.0,165.03966052806746
800,-1000,0.018981043273550303,0.018981043273550303,0.2797088623046875,0.0,165.03966052806746
900,-1000,0.013148704889806115,0.013148704889806115,0.2797088623046875,0.0,165.479531839361
1000,-1000,0.007910916279370815,0.007910916279370815,0.2797088623046875,0.0,165.77851120479255
1100,-1000,0.0,0.0,0.2797088623046875,0.0,165.93826270246282
1200,-1000,0.0,0.0,0.2797088623046875,0.0,165.93826270246282
-1200,-900,0.0,0.0,0.2797088623046875,0.0,165.93826270246282
-1100,-900,0.007420689141886038,0.007420689141886038,0.2797088623046875,0.0,165.5827046816064
-1000,-900,0.022642251128733117,0.022642251128733117,0.2797088623046875,0.0,164.42755713334813
-900,-900,0.01634446261174817,0.01634446261174817,0.2797088623046875,0.0,163.32871089416463
-800,-900,0.018220656400566908,0.018220656400566908,0.2797088623046875,0.0,163.10156423341468
-700,-900,0.018220656400566908,0.018220656400566908,0.2797088623046875,0.0,163.10156423341468
-600,-900,0.08358611501425078,0.08754662089399341,0.279998779296875,0.019802529398713114,160.5895274018194
-500,-900,0.17714674536620098,0.18939436018758993,0.2839508056640625,0.061238074106944755,155.26780563567783
-400,-900,0.24051690182194593,0.2687063848483493,0.287872314453125,0.14094741513201686,144.93021965830928
-300,-900,0.27228965468907784,0.3174860159049642,0.2952423095703125,0.225981806079432,133.99351009540715
-200,-900,0.27953685625325564,0.33830100091711185,0.2981109619140625,0.2938207233192811,124.49561792766808
-100,-900,0.26181945112832816,0.32243626941099957,0.2974700927734375,0.303084091413357,122.48047481695141
0,-900,0.27421152220161893,0.3384005614738621,0.3000640869140625,0.3209451963612159,122.38201686265809
100,-900,0.27515310915560665,0.3222687071143375,0.2964324951171875,0.23557798979365432,131.62064566230308
200,-900,0.26343354816975445,0.30623363692058647,0.2908477783203125,0.2140004437541602,135.7865542489461
300,-900,0.23614454749476324,0.26330230209871264,0.2870025634765625,0.13578877301974707,145.63922786776126
400,-900,0.18118899267547045,0.19754133347866548,0.2823028564453125,0.08176170401597516,153.00260705569116
500,-900,0.11236832482431575,0.11557444863172645,0.2805633544921875,0.01603061903705347,160.98724206789439
600,-900,0.02005577382249349,0.02005577382249349,0.2797088623046875,0.0,163.09984468604392
700,-900,0.018220656400566908,0.018220656400566908,0.2797088623046875,0.0,163.10156423341468
800,-900,0.016632624857989227,0.016632624857989227,0.2797088623046875,0.0,163.1356778344797
900,-900,0.014138782041834419,0.014138782041834419,0.2797088623046875,0.0,164.46555358331486
1000,-900,0.01410839813210259,0.01410839813210259,0.2797088623046875,0.0,165.49617262036833
1100,-900,0.0,0.0,0.2797088623046875,0.0,165.93826270246282
1200,-900,0.0,0.0,0.2797088623046875,0.0,165.93826270246282
-1200,-800,0.0,0.0,0.2797088623046875,0.0,165.93826270246282
-1100,-800,0.006826541181354551,0.006826541181354551,0.2797088623046875,0.0,165.47648102950964
-1000,-800,0.023822588366524455,0.023822588366524455,0.2797088623046875,0.0,163.6745617927668
-900,-800,0.023779487279489572,0.023779487279489572,0.2797088623046875,0.0,161.26525404925673
-800,-800,0.005942546580601535,0.005942546580601535,0.2797088623046875,0.0,160.96677390725537
-700,-800,0.12021662784058106,0.12758294689982225,0.2806396484375,0.0368315952962059,156.46438872864434
-600,-800,0.20719968370872482,0.23341446072225933,0.2840728759765625,0.1310738850676725,143.4706567561571
-500,-800,0.25957154836224217,0.3143308117303363,0.2916717529296875,0.2737963168404704,125.4074772575993
-400,-800,0.2652047043288862,0.34787610437326166,0.3021392822265625,0.4133570002218771,107.7015753272687
-300,-800,0.2694587764943334,0.3876970724783583,0.3109130859375,0.5911914799201242,86.1656867095629
-200,-800,0.2793704418691765,0.43059076580971345,0.3119659423828125,0.7561016197026847,65.41235855336144
-100,-800,0.25567635153467216,0.40610901184086257,0.3145599365234375,0.7521633015309519,66.12253161748392
0,-800,0.26470218609611185,0.4222903822354507,0.3167724609375,0.787940980696694,62.545041047259815
100,-800,0.27534475293835164,0.4102238299296984,0.31243896484375,0.674395384956734,75.73352562680275
200,-800,0.2591595389814482,0.3857958824471682,0.3094482421875,0.6331817173286,78.91729531839361
300,-800,0.26825877862548586,0.36992285672621805,0.304168701171875,0.508320390503661,95.20928555580208
400,-800,0.24765941731341012,0.30833170486610595,0.295196533203125,0.303361437763479,122.4081983581096
500,-800,0.21158164802967844,0.24172364936094093,0.288116455078125,0.1507100066563124,141.63284890170846
600,-800,0.1485732450137932,0.16297306751212914,0.2810516357421875,0.0719991124916796,151.71355668959396
700,-800,0.03414476009649926,0.03425569863654808,0.2806243896484375,0.0005546927002440647,160.8904481917018
800,-800,0.0035951649531868485,0.0035951649531868485,0.2797088623046875,0.0,160.9732083425782
900,-800,0.02116533072145413,0.02116533072145413,0.2797088623046875,0.0,162.95346128244952
1000,-800,0.03573403329543899,0.03573403329543899,0.2797088623046875,0.0,165.21854892389615
1100,-800,0.0,0.0,0.2797088623046875,0.0,165.93826270246282
1200,-800,0.0,0.0,0.2797088623046875,0.0,165.93826270246282
-1200,-700,0.0,0.0,0.2797088623046875,0.0,165.93826270246282
-1100,-700,0.006826541181354551,0.006826541181354551,0.2797088623046875,0.0,165.47648102950964
-1000,-700,0.023822588366524455,0.023822588366524455,0.2797088623046875,0.0,163.6745617927668
-900,-700,0.026091505005815863,0.026091505005815863,0.2797088623046875,0.0,161.2809518526736
-800,-700,0.13053252257885642,0.14011761243907386,0.2800750732421875,0.0479254493010872,154.80330596849345
-700,-700,0.23998100264013852,0.274982112025539,0.2896881103515625,0.17500554692700243,138.10511426669626
-600,-700,0.27225229689626723,0.3443734417820005,0.29779052734375,0.3606057244286665,114.00288440204127
-500,-700,0.2677485138978535,0.39466220371369554,0.30963134765625,0.6345684490792102,80.52218770800977
-400,-700,0.2553422289494831,0.4095357057633282,0.3183746337890625,0.7709673840692256,64.52856667406257
-300,-700,0.23672947950145926,0.3977345826743015,0.320281982421875,0.8050255158642112,62.09035944086976
-200,-700,0.24019396418990466,0.40125453663277133,0.319671630859375,0.8053028622143332,60.828100732194365
-100,-700,0.25093702152446123,0.4073270814312729,0.31634521484375,0.7819502995340581,64.16873751941425
0,-700,0.2549981622283094,0.39724355827889735,0.3160552978515625,0.7112269802529398,69.47953183936099
100,-700,0.2553369447909869,0.40809931443820235,0.3177947998046875,0.7638118482360772,67.06778344796983
200,-700,0.247092283849831,0.39071331779702423,0.3133087158203125,0.7181051697359663,71.2754603949412
300,-700,0.2538153360127756,0.4165954558263989,0.3175201416015625,0.8139005990681163,60.80042156645219
400,-700,0.24651300404865345,0.38841449062509015,0.3125152587890625,0.7095074328821833,72.89777013534501
500,-700,0.2473570523169106,0.3446279642317098,0.302337646484375,0.486354559573996,98.79992234302196
600,-700,0.22668125912074544,0.2703022930679387,0.2907867431640625,0.21810516973596628,133.21122698025295
700,-700,0.17236549974199805,0.18643250662018754,0.2833099365234375,0.07033503439094742,151.97415132016863
800,-700,0.03258609967893919,0.032697038218988006,0.2797088623046875,0.0005546927002440647,160.93332593743065
900,-700,0.02116533072145413,0.02116533072145413,0.2797088623046875,0.0,162.95346128244952
1000,-700,0.03573403329543899,0.03573403329543899,0.2797088623046875,0.0,165.21854892389615
1100,-700,0.0,0.0,0.2797088623046875,0.0,165.93826270246282
1200,-700,0.0,0.0,0.2797088623046875,0.0,165.93826270246282
-1200,-600,0.0,0.0,0.2797088623046875,0.0,165.93826270246282
-1100,-600,0.006826541181354551,0.006826541181354551,0.2797088623046875,0.0,165.47648102950964
-1000,-600,0.023822588366524455,0.023822588366524455,0.2797088623046875,0.0,163.6745617927668
-900,-600,0.11893225532263335,0.12451246388708864,0.280303955078125,0.02790104282227646,157.74517417350788
-800,-600,0.24254963386554693,0.27778371418504993,0.288665771484375,0.176170401597515,138.4765919680497
-700,-600,0.2909595191364406,0.371012769635664,0.30377197265625,0.40026625249611714,109.50488129576215
-600,-600,0.27356486523885915,0.41176100457766546,0.313690185546875,0.6909806966940315,75.0132016862658
-500,-600,0.24052779512567157,0.3983267744911031,0.314697265625,0.7889948968271577,61.966330153095186
-400,-600,0.24191590006676011,0.40096848493474324,0.31787109375,0.7952629243399156,63.69941202573774
-300,-600,0.24262386809897762,0.39996799945020906,0.31610107421875,0.7867206567561571,64.87879964499668
-200,-600,0.23661716267612395,0.39417207725344816,0.321685791015625,0.7877745728866208,64.44880186376747
-100,-600,0.237388139295448,0.3982157408042122,0.317291259765625,0.8041380075438207,61.4254493010872
0,-600,0.23910926440966743,0.3953440103604107,0.3188934326171875,0.7811737297537165,64.39865764366542
100,-600,0.24289847561745515,0.40114120914308193,0.3173370361328125,0.791213667628134,64.78899489682716
200,-600,0.2439694282756528,0.40344357959582144,0.3179473876953125,0.7973707566008431,63.683104060350566
300,-600,0.24202866344432156,0.4017912549686171,0.3236541748046875,0.7988129576214777,63.26059463057466
400,-600,0.2409504520952959,0.397296136586088,0.316162109375,0.7817284224539605,64.20784335478145
500,-600,0.2555363838307557,0.4032066744897307,0.31427001953125,0.7383514532948746,69.35422675837586
600,-600,0.252814868055445,0.36520670297889746,0.301300048828125,0.5619591746172621,90.87946527623697
700,-600,0.23036066981089143,0.2741259238601481,0.2903900146484375,0.21882627024628357,132.88068560017751
800,-600,0.14584531465306114,0.15509758889313213,0.279937744140625,0.046261371200355006,155.5309518526736
900,-600,0.02116533072145413,0.02116533072145413,0.2797088623046875,0.0,162.95346128244952
1000,-600,0.03573403329543899,0.03573403329543899,0.2797088623046875,0.0,165.21854892389615
1100,-600,0.0,0.0,0.2797088623046875,0.0,165.93826270246282
1200,-600,0.0,0.0,0.2797088623046875,0.0,165.93826270246282
-1200,-500,0.0,0.0,0.2797088623046875,0.0,165.93826270246282
-1100,-500,0.006826541181354551,0.006826541181354551,0.2797088623046875,0.0,165.47648102950964
-1000,-500,0.05368675562187204,0.05450770081823326,0.2797088623046875,0.004104725981806079,163.05458176170401
-900,-500,0.20608501188973916,0.23224431963324926,0.2835845947265625,0.13079653871755048,143.9811404481917
-800,-500,0.25638310578869755,0.32519828218097624,0.2938385009765625,0.3440758819613934,117.50199689372087
-700,-500,0.2858213817898226,0.42919835094890846,0.3110504150390625,0.7168848457954293,70.37447304193476
-600,-500,0.24745505686986388,0.4080496874445255,0.32342529296875,0.8029731528733082,63.095351675171955
-500,-500,0.24190016351320073,0.39964367360860786,0.3255767822265625,0.7887175504770357,62.48696472154426
-400,-500,0.24078536824251665,0.3996493575924168,0.322540283203125,0.7943199467495008,63.670623474595075
-300,-500,0.23299257797968667,0.38649823584522913,0.3188018798828125,0.7675282893277124,65.34146882627024
-200,-500,0.23424422399023415,0.39051225150299207,0.3194427490234375,0.7813401375637896,63.99306634124695
-100,-500,0.23629074737230255,0.3882210779691519,0.3182525634765625,0.7596516529842468,67.76015087641447
0,-500,0.2372934876074459,0.39183087389544236,0.3134765625,0.7726869314399822,64.6677390725538
100,-500,0.24134715989483294,0.40903076317861375,0.3172149658203125,0.8384180164189039,57.50987353006435
200,-500,0.24781305278492383,0.40178465251867135,0.3195343017578125,0.7698579986687375,66.86853783004216
300,-500,0.24550873707741344,0.40323005946481083,0.3219451904296875,0.7886066119369869,64.56922564899045
400,-500,0.24100778952165217,0.40028225146973295,0.3246307373046875,0.7963723097404038,63.65120923008653
500,-500,0.24166085376499472,0.4035867468202421,0.3205413818359375,0.8096294652762369,61.56356778344797
600,-500,0.25315967792551697,0.3975683755070568,0.3154449462890625,0.7220434879076991,71.63506767250944
700,-500,0.25639704762766224,0.35354592714840777,0.298126220703125,0.48574439760372756,100.82421788329266
800,-500,0.23895422065892574,0.2698727917705299,0.286285400390625,0.15459285555802085,141.40891945861992
900,-500,0.10633366150605073,0.10854133845302211,0.2812347412109375,0.011038384734856889,161.71144885733304
1000,-500,0.03573403329543899,0.03573403329543899,0.2797088623046875,0.0,165.21854892389615
1100,-500,0.0,0.0,0.2797088623046875,0.0,165.93826270246282
1200,-500,0.0,0.0,0.2797088623046875,0.0,165.93826270246282
-1200,-400,0.0,0.0,0.2797088623046875,0.0,165.93826270246282
-1100,-400,0.006826541181354551,0.006826541181354551,0.2797088623046875,0.0,165.47648102950964
-1000,-400,0.13164288417924605,0.1380107563780479,0.2798004150390625,0.031839360994009316,159.30508098513423
-900,-400,0.26640095196194535,0.31944066795928283,0.2884979248046875,0.2651985799866874,126.02252052362991
-800,-400,0.2853325508206083,0.4037816300307259,0.3018035888671875,0.592245396050588,85.0738850676725
-700,-400,0.24588237487558967,0.40967203540365715,0.316192626953125,0.8189483026403372,60.396050587974266
-600,-400,0.24444864530236596,0.4024584078938903,0.319854736328125,0.7900488129576215,62.92106722875527
-500,-400,0.24426626400517115,0.39463236118733225,0.320709228515625,0.7518304859108054,66.94935655646772
-400,-400,0.23705897551659894,0.396211405070626,0.3169097900390625,0.7957621477701353,64.04276680718881
-300,-400,0.2358460969407034,0.3922250629935102,0.3189544677734375,0.7818948302640337,63.91047259818061
-200,-400,0.23674325724848796,0.38872905711536176,0.3183135986328125,0.7599289993343687,66.55929664965609
-100,-400,0.24344367913668716,0.4047039409516417,0.3169708251953125,0.8063013090747726,62.25238517861105
0,-400,0.2400829854996313,0.3877643700126111,0.3177490234375,0.738406922564899,68.47220989571777
100,-400,0.2597500419778721,0.41008285759801855,0.3170013427734375,0.7516640781007322,67.6890947415132
200,-400,0.2505833894926289,0.4081383040699531,0.321197509765625,0.7877745728866208,65.5070445972931
300,-400,0.2589715540509664,0.4139859760611727,0.3166656494140625,0.7750721100510317,66.73064122476148
400,-400,0.2563580611185811,0.4210685115290537,0.3205718994140625,0.823552252052363,60.80752163301531
500,-400,0.24500358965123997,0.39911940948705094,0.318878173828125,0.7705790991790548,64.17811182604837
600,-400,0.24060475805513612,0.39536402142323024,0.3225860595703125,0.7737963168404703,66.23258264921233
700,-400,0.2545370605363888,0.3858993858081883,0.31463623046875,0.6568116263589971,78.88717550477035
800,-400,0.24315909356694604,0.3090787740639507,0.2928466796875,0.3295984024850233,120.10017750166408
900,-400,0.17716622141945496,0.1902569691452149,0.2816009521484375,0.06545373862879965,154.51103838473486
1000,-400,0.03573403329543899,0.03573403329543899,0.2797088623046875,0.0,165.21854892389615
1100,-400,0.0,0.0,0.2797088623046875,0.0,165.93826270246282
1200,-400,0.0,0.0,0.2797088623046875,0.0,165.93826270246282
-1200,-300,0.0,0.0,0.2797088623046875,0.0,165.93826270246282
-1100,-300,0.010830240809100269,0.010830240809100269,0.2797088623046875,0.0,165.49517417350788
-1000,-300,0.21363373665161883,0.23990398293517773,0.2835845947265625,0.13135123141779453,145.8131794985578
-900,-300,0.27910431278574854,0.35561862385741483,0.2992401123046875,0.3825715553583315,112.46932549367651
-800,-300,0.2737716802472332,0.4212089999721056,0.312408447265625,0.7371865986243621,68.31495451519858
-700,-300,0.24921046612725134,0.3977017019825875,0.32275390625,0.7424561792766807,67.87985356112713
-600,-300,0.24267739804077276,0.40123075947853626,0.318878173828125,0.7927668071888174,63.6004548480142
-500,-300,0.23880405971609814,0.39472817775470476,0.31805419921875,0.7796205901930331,65.10156423341469
-400,-300,0.24329643895025088,0.39884336595269154,0.3177032470703125,0.7777346350122032,63.44991124916796
-300,-300,0.2501769940815807,0.40671127409045577,0.3195343017578125,0.7826714000443754,65.56473263811849
-200,-300,0.24763626708108405,0.39894534185366004,0.3167877197265625,0.75654537386288,66.24711559795873
-100,-300,0.24286760397121385,0.40043361240254294,0.3214263916015625,0.7878300421566452,64.81268027512758
0,-300,0.2399731287762638,0.39242487051134256,0.3147125244140625,0.7622587086753938,67.05707787885511
100,-300,0.2515922330190295,0.3931054347052953,0.31494140625,0.707566008431329,72.25737741291324
200,-300,0.2543291766179075,0.4094767248761724,0.315032958984375,0.7757377412913246,66.60472598180608
300,-300,0.2507227787495161,0.40098903124563323,0.320159912109375,0.7513312624805858,66.76991346793876
400,-300,0.24420466457831014,0.3912536994130117,0.31744384765625,0.7352451741735079,69.28300421566452
500,-300,0.2392010133049568,0.39535810227766593,0.318328857421875,0.7807854448635456,64.89311071666297
600,-300,0.24398225614592967,0.40406656943636676,0.322296142578125,0.8004215664521855,64.29892389616153
700,-300,0.2527271640970552,0.4090728485878473,0.316741943359375,0.7817284224539605,63.02235411581984
800,-300,0.26185977520771286,0.35919725024654137,0.3021697998046875,0.48668737519414246,99.811349012647
900,-300,0.21580891130622315,0.247504052198169,0.2863311767578125,0.1584757044597293,141.90309518526738
1000,-300,0.08151819051275434,0.08165131676081291,0.280303955078125,0.0006656312402928778,165.1061681828267
1100,-300,0.0,0.0,0.2797088623046875,0.0,165.93826270246282
1200,-300,0.0,0.0,0.2797088623046875,0.0,165.93826270246282
-1200,-200,0.0,0.0,0.2797088623046875,0.0,165.93826270246282
-1100,-200,0.02064609996546964,0.02064609996546964,0.2797393798828125,0.0,165.5404925671178
-1000,-200,0.22999386882692616,0.27443584797048065,0.2875518798828125,0.22220989571777236,134.1186487685822
-900,-200,0.291820325155122,0.3961580220710306,0.302520751953125,0.521688484579543,95.29559573996006
-800,-200,0.2450701559156529,0.4008389599981912,0.3171844482421875,0.7788440204126914,64.66629687153318
-700,-200,0.25115309370292854,0.4088855099443308,0.3154144287109375,0.7886620812070113,63.421899267805635
-600,-200,0.24636716706699924,0.4045100559065821,0.3200531005859375,0.7907144441979144,63.820556911471044
-500,-200,0.24219494510220144,0.4002823646717599,0.320159912109375,0.7904370978477924,63.73968271577546
-400,-200,0.24632104043938072,0.3981182447881715,0.3193359375,0.7589860217439538,67.0066008431329
-300,-200,0.24105571171477838,0.3981557782779024,0.3216705322265625,0.7855003328156202,65.14926780563567
-200,-200,0.24879203538894845,0.40318520157488147,0.319366455078125,0.771965830929665,66.73064122476148
-100,-200,0.24302935128435324,0.40499961975562015,0.3257293701171875,0.8098513423563346,63.09967827823386
0,-200,0.23989495999967153,0.39986833475005984,0.319549560546875,0.7998668737519414,63.770301752828935
100,-200,0.25026443079126515,0.39580470148130287,0.3186492919921875,0.7277013534501886,70.75061016197027
200,-200,0.24422422677934402,0.38569305304959034,0.3160247802734375,0.7073441313512314,73.2754603949412
300,-200,0.2532306878881937,0.39863783233017286,0.31500244140625,0.7270357222098958,71.24001553139561
400,-200,0.24264309502768683,0.4026719390480995,0.319854736328125,0.8001442201020634,62.466108276015085
500,-200,0.24172489678450582,0.3988027756396201,0.3187408447265625,0.7853893942755713,65.19430885289549
600,-200,0.24696360626063252,0.4012236461985069,0.320587158203125,0.7713001996893721,66.72620368315953
700,-200,0.24510186071338272,0.3993397129432474,0.314361572265625,0.7711892611493233,63.975870867539385
800,-200,0.2656875247248513,0.38274987218435874,0.3094329833984375,0.5853117372975372,86.95451519857998
900,-200,0.2527139003878113,0.3047107941086899,0.2919769287109375,0.25998446860439317,129.44147992012424
1000,-200,0.13700753505575008,0.13869380086449204,0.282684326171875,0.008431329043709785,164.17378522298645
1100,-200,0.0,0.0,0.2797088623046875,0.0,165.93826270246282
1200,-200,0.0,0.0,0.2797088623046875,0.0,165.93826270246282
-1200,-100,0.0,0.0,0.2797088623046875,0.0,165.93826270246282
-1100,-100,0.048115430983490984,0.048215275669534916,0.2799224853515625,0.0004992234302196583,165.48119591746172
-1000,-100,0.24793957343827605,0.30689231362021524,0.292938232421875,0.294763700909696,125.30419347681385
-900,-100,0.28710873428940986,0.413356792864959,0.30828857421875,0.6312402928777457,82.27490570224096
-800,-100,0.24376650303895642,0.40413925653352045,0.3196258544921875,0.8018637674728201,62.62719103616596
-700,-100,0.24795315275371166,0.4023352250856398,0.3199615478515625,0.7719103616596406,65.46377856667407
-600,-100,0.2487724118805711,0.40125743517766455,0.318145751953125,0.7624251164854671,65.97592633680941
-500,-100,0.24641660118251169,0.4058020016706413,0.32061767578125,0.7969270024406478,62.967051253605504
-400,-100,0.25074991431075266,0.39806520164157144,0.3198699951171875,0.7365764366540937,69.99983359218993
-300,-100,0.24597486892152493,0.4016771098800339,0.3163604736328125,0.7785112047925449,64.38745285112049
-200,-100,0.2573865499774117,0.4134216065560672,0.31439208984375,0.7801752828932771,66.40009984468604
-100,-100,0.25039719291538215,0.4075527287485306,0.32073974609375,0.7857776791657421,65.25127579321057
0,-100,0.2511343967834527,0.41010932467340167,0.3226318359375,0.7948746394497448,64.22331928111826
100,-100,0.2474106687479138,0.4066518491339799,0.324249267578125,0.7962059019303306,63.595185267361884
200,-100,0.25810148936911537,0.40122329988608896,0.3172149658203125,0.715609052584868,70.8061349012647
300,-100,0.2435256184973276,0.4000598985062027,0.3163909912109375,0.7826714000443754,66.01109385400488
400,-100,0.24323674670579448,0.4035318432223243,0.3152313232421875,0.8014754825826492,63.52457288662081
500,-100,0.239322202994904,0.3961671109159158,0.3188323974609375,0.7842245396050588,64.90054359884624
600,-100,0.2441771252937971,0.39862576074975453,0.3197174072265625,0.772243177279787,65.81800532504992
700,-100,0.23741363711876945,0.3910635150863754,0.317474365234375,0.7682493898380297,65.57599289993344
800,-100,0.2540431173688296,0.39213941202159197,0.313079833984375,0.6904814732638118,75.40830929664966
900,-100,0.2429276306879784,0.31651316430235604,0.30072021484375,0.36792766807188815,116.44369869092523
1000,-100,0.1664268163692873,0.1746584560409092,0.2824554443359375,0.041158198358109604,159.6597514976703
1100,-100,0.0,0.0,0.2797088623046875,0.0,165.93826270246282
1200,-100,0.0,0.0,0.2797088623046875,0.0,165.93826270246282
-1200,0,0.0,0.0,0.2797088623046875,0.0,165.93826270246282
-1100,0,0.06491210866882557,0.06571086615717703,0.2800445556640625,0.0039937874417572666,164.87397381850454
-1000,0,0.25472285931580063,0.3163603121669211,0.293487548828125,0.3081872642556024,124.29687153317062
-900,0,0.2771981485607022,0.4044335601426857,0.311492919921875,0.6361770579099179,81.66224761482138
-800,0,0.23744937351437434,0.3956588254779865,0.3189697265625,0.7910472598180608,63.32776791657422
-700,0,0.252133352621308,0.40092412253477594,0.3170623779296875,0.7439538495673397,69.15836476591969
-600,0,0.2510166573657734,0.4087823551691903,0.3184356689453125,0.7888284890170846,63.05008875083204
-500,0,0.24808055335081433,0.4016083989243666,0.31787109375,0.7676392278677613,65.31944752607056
-400,0,0.24507335762049617,0.3997438701565512,0.3192596435546875,0.7733525626802751,66.39155757710229
-300,0,0.24734815743888963,0.39789175628512885,0.3182525634765625,0.7527179942311959,68.26458841801642
-200,0,0.2411583039307657,0.395806628758811,0.3185272216796875,0.7732416241402263,65.99767029065897
-100,0,0.25091978729939235,0.4044587267269495,0.3252105712890625,0.7676946971377857,67.42960949633903
0,0,0.4429905297070451,0.6357684307498674,0.33056640625,0.9638895052141114,48.61099400931884
100,0,0.25325114468284216,0.4129249853750987,0.3195953369140625,0.7983692034612825,62.93077435100954
200,0,0.24121378898097467,0.3994343347985917,0.3167572021484375,0.7911027290880852,63.36859329931218
300,0,0.23320039082023508,0.38747152461211437,0.3170166015625,0.7713556689593964,65.38856223652097
400,0,0.2389657371959504,0.3974858170716993,0.3160400390625,0.7926003993787442,64.27263146216995
500,0,0.2391999127720417,0.3988626596102933,0.318023681640625,0.7983137341912581,63.965941868205014
600,0,0.23986080803992385,0.3970163438730723,0.31988525390625,0.7857776791657421,66.93254936765032
700,0,0.2376759090680201,0.397505063716345,0.320098876953125,0.7991457732416242,61.241124916796096
800,0,0.25099015806099323,0.3883320706414237,0.316314697265625,0.6867095629021522,74.40786554248946
900,0,0.24755331287300109,0.3311787843617963,0.3017425537109375,0.41812735744397606,110.10661193698691
1000,0,0.17022676265994738,0.17800355431736917,0.283843994140625,0.038883958287108944,160.1397825604615
1100,0,0.0,0.0,0.2797088623046875,0.0,165.93826270246282
1200,0,0.0,0.0,0.2797088623046875,0.0,165.93826270246282
-1200,100,0.0,0.0,0.2797088623046875,0.0,165.93826270246282
-1100,100,0.05690388203744948,0.058190769102015705,0.280029296875,0.006434435322831151,164.75504770357222
-1000,100,0.2507088234262632,0.31262362262750576,0.2961883544921875,0.30957399600621255,124.33808520079876
-900,100,0.2780308271829155,0.41094629201539834,0.3085784912109375,0.664577324162414,78.12025737741291
-800,100,0.23609078085252663,0.3949880517644414,0.321136474609375,0.794486354559574,62.970213001996896
-700,100,0.24480886225324516,0.3929007193644056,0.3165740966796875,0.7404592855558021,68.41812735744398
-600,100,0.25925431326436865,0.40349660303583523,0.3189239501953125,0.721211448857333,71.87325271799423
-500,100,0.25275268870215517,0.4147895202974514,0.3202972412109375,0.810184157976481,63.711393388063016
-400,100,0.23838879230265367,0.39558870355182163,0.32073974609375,0.7859995562458398,64.05563567783447
-300,100,0.24790488259024857,0.4031189939725428,0.31610107421875,0.7760705569114711,65.92062347459508
-200,100,0.24572451919052976,0.3961904610587348,0.318634033203125,0.752329709341025,68.7945418238296
-100,100,0.24380711865532786,0.395293695091982,0.3167266845703125,0.7574328821832704,67.47026847126692
0,100,0.25231898071061115,0.40925263946366197,0.3166656494140625,0.784668293765254,63.63401375637896
100,100,0.24918079824006875,0.4000350249984446,0.318359375,0.7542711337918793,67.55374972265365
200,100,0.2408330966081473,0.39625799121653427,0.32269287109375,0.7771244730419348,64.74794763700909
300,100,0.23550984908102165,0.3945624339490048,0.3192138671875,0.7952629243399156,63.207344131351235
400,100,0.23451325385630462,0.3980588495962647,0.31744384765625,0.8177279786998003,61.16502107832261
500,100,0.24604151727746856,0.39950279972699154,0.317108154296875,0.7673064122476149,66.93382516086088
600,100,0.24447297074327898,0.39246498316839545,0.31890869140625,0.7399600621255824,68.00138673175061
700,100,0.23843355690928827,0.39297094319728476,0.3216094970703125,0.7726869314399822,64.19253383625471
800,100,0.24245255494071422,0.3767103761077877,0.3152008056640625,0.6712891058353672,76.25721100510317
900,100,0.24513960782087454,0.32941961669595776,0.3017120361328125,0.421400044375416,110.90242955402707
1000,100,0.1591422849797387,0.16528828009844293,0.28125,0.03072997559352119,160.904592855558
1100,100,0.0,0.0,0.2797088623046875,0.0,165.93826270246282
1200,100,0.0,0.0,0.2797088623046875,0.0,165.93826270246282
-1200,200,0.0,0.0,0.2797088623046875,0.0,165.93826270246282
-1100,200,0.032517933111408846,0.032517933111408846,0.2799530029296875,0.0,165.54276680718883
-1000,200,0.2503206262514349,0.3032937791247431,0.2900238037109375,0.2648657643665409,129.30552473929444
-900,200,0.28335370122069564,0.4029010719772965,0.3087615966796875,0.5977368537830042,87.23962724650544
-800,200,0.23868532098470396,0.3957631998398182,0.32208251953125,0.7853893942755713,64.88573330374972
-700,200,0.2414636030775773,0.39044296850912824,0.320037841796875,0.7448968271577546,68.13490126469935
-600,200,0.23828807557937937,0.3876335381930914,0.319244384765625,0.74672731306856,68.07216552030175
-500,200,0.23834103466120404,0.3934663952114592,0.317169189453125,0.7756268027512758,64.09030397159974
-400,200,0.24229400191473843,0.39769670881511565,0.3196868896484375,0.7770135345018859,65.52939871311294
-300,200,0.24622347398779593,0.40221415515043185,0.316314697265625,0.7799534058131795,65.88944974484136
-200,200,0.2456971005266766,0.4001790175446487,0.3179931640625,0.7724095850898602,65.28982693587753
-100,200,0.24498247075715424,0.4008400256717316,0.318450927734375,0.7792877745728867,65.44497448413578
0,200,0.24682185396799608,0.3890006868945548,0.319061279296875,0.7108941646327934,71.8740847570446
100,200,0.2462987678386674,0.3980626906254435,0.3191986083984375,0.7588196139338806,67.66723984912359
200,200,0.24580978869068415,0.40334251555999856,0.3202667236328125,0.787663634346572,63.287330818726424
300,200,0.24581054448770157,0.4045968768595676,0.317718505859375,0.79393166185933,64.61803860661193
400,200,0.23860815691811077,0.40257531911025635,0.31585693359375,0.8198358109607278,60.208231639671624
500,200,0.2462556757437899,0.40951283127962307,0.3158416748046875,0.8162857776791658,60.97986465498114
600,200,0.24272248756414277,0.40526963644366354,0.31640625,0.8127357443976038,62.18743066341247
700,200,0.2326304486262877,0.38806643708867955,0.3174896240234375,0.7771799423119592,63.35794319946749
800,200,0.24173103883235378,0.36422937475425304,0.3050537109375,0.6124916796094964,82.11415575771022
900,200,0.22884870017196937,0.30277814326049834,0.2941131591796875,0.3696472154426448,116.35528067450632
1000,200,0.12333472427486349,0.12728413630060123,0.280548095703125,0.019747060128688706,162.75166407810073
1100,200,0.0,0.0,0.2797088623046875,0.0,165.93826270246282
1200,200,0.0,0.0,0.2797088623046875,0.0,165.93826270246282
-1200,300,0.0,0.0,0.2797088623046875,0.0,165.93826270246282
-1100,300,0.015634827845252584,0.015634827845252584,0.2797088623046875,0.0,165.497725759929
-1000,300,0.2102312523329366,0.24792816824152325,0.282623291015625,0.1884845795429332,139.03982693587753
-900,300,0.29183845097248534,0.39848366952140923,0.3023681640625,0.5332260927446195,94.53916130463723
-800,300,0.24526846628535634,0.4005047653756603,0.3129425048828125,0.7761814954515198,64.81051697359663
-700,300,0.2387345753366081,0.38728128046196864,0.31658935546875,0.7427335256268027,68.05025515864212
-600,300,0.2424395655374792,0.39571225246891917,0.3153228759765625,0.7663634346571999,67.86493232749056
-500,300,0.23906538858758725,0.3935916810215788,0.3202056884765625,0.7726314621699578,66.70495895274018
-400,300,0.24019842393222457,0.39631113748891417,0.3165283203125,0.7805635677834479,64.36016197026846
-300,300,0.24491073569686966,0.4009790738375397,0.312896728515625,0.7803416907033504,64.63351453294875
-200,300,0.2557821130904322,0.40625914881264213,0.316162109375,0.7523851786110495,68.50865320612381
-100,300,0.24407314232963492,0.4010178949366906,0.318450927734375,0.7847237630352785,64.35017750166408
0,300,0.24486149564771922,0.40284907053123375,0.3199920654296875,0.7899378744175727,64.2122808963834
100,300,0.2422933818158441,0.4058833529718237,0.319549560546875,0.817949855779898,62.26120479254493
200,300,0.2474401668531588,0.40120098336081356,0.3165283203125,0.7688040825382738,66.73258264921233
300,300,0.26034929624583963,0.4204003279742621,0.3180694580078125,0.8002551586421123,63.29187929886843
400,300,0.23529217293750687,0.3947552304036706,0.318511962890625,0.7973152873308187,61.986354559573996
500,300,0.2426094609060208,0.40485707572740975,0.319183349609375,0.8112380741069447,60.79370978477923
600,300,0.2345858086027478,0.3976321809124882,0.318267822265625,0.815231861548702,61.31972487242068
700,300,0.2343295243981223,0.3886450336060211,0.3152313232421875,0.7715775460394941,63.95262924339916
800,300,0.25486260886098755,0.36439222945118055,0.3021697998046875,0.5476481029509651,91.65797648102951
900,300,0.21451933486765698,0.27047673446827825,0.2866058349609375,0.2797869980031063,127.10516973596627
1000,300,0.09468664027327622,0.09544102234560815,0.2797088623046875,0.0037719103616596404,164.75260705569116
1100,300,0.0,0.0,0.2797088623046875,0.0,165.93826270246282
1200,300,0.0,0.0,0.2797088623046875,0.0,165.93826270246282
-1200,400,0.0,0.0,0.2797088623046875,0.0,165.93826270246282
-1100,400,0.006826541181354551,0.006826541181354551,0.2797088623046875,0.0,165.47648102950964
-1000,400,0.16158425800768894,0.17568454644789305,0.280120849609375,0.07050144220102063,153.94059241180386
-900,400,0.269318209749009,0.3445234460480993,0.295318603515625,0.37602618149545153,112.51847126691813
-800,400,0.2533420968060447,0.39127198364873383,0.3122406005859375,0.6896494342134457,75.68343687597071
-700,400,0.23588064169198028,0.3936907149114167,0.3183746337890625,0.7890503660971822,63.189150210783225
-600,400,0.23669064435815002,0.39320273665901534,0.32012939453125,0.7825604615043266,64.76231417794541
-500,400,0.24312455180005502,0.39731802861390014,0.3207550048828125,0.7709673840692256,66.17672509429777
-400,400,0.2423466744306021,0.39191401412441174,0.318695068359375,0.7478366984690481,66.58991568670956
-300,400,0.24352033670605255,0.3997883642188105,0.3227691650390625,0.7813401375637896,65.12391834923453
-200,400,0.25115400736193605,0.405647018233913,0.3203125,0.7724650543598847,66.81378966052807
-100,400,0.244098683829016,0.3999673325975982,0.320648193359375,0.779343243842911,64.67711337918793
0,400,0.24395776624387833,0.39575497059266906,0.316680908203125,0.7589860217439538,67.94497448413578
100,400,0.24312285577558862,0.4006112072288835,0.3202362060546875,0.7874417572664744,64.75998446860439
200,400,0.24660134603151418,0.40444470081296524,0.323272705078125,0.7892167739072554,64.84257821167074
300,400,0.2475302210566028,0.40184573026450165,0.326324462890625,0.7715775460394941,65.6443310406035
400,400,0.24228595810115072,0.4013829183851534,0.31982421875,0.7954848014200133,63.6984135788773
500,400,0.24242523878596667,0.4039295653890286,0.3206787109375,0.8075216330153095,61.561016197026845
600,400,0.23753048326146634,0.40025513380506517,0.318389892578125,0.8136232527179942,60.268193920568
700,400,0.24198750509936862,0.38550869436051793,0.3111572265625,0.7176059463057466,69.49783669846904
800,400,0.2443089614014003,0.3377635875385203,0.2959747314453125,0.46727313068560017,102.90986243621035
900,400,0.21696832041588587,0.24176308411679556,0.2819671630859375,0.12397381850454849,146.4913467938762
1000,400,0.054117909844931686,0.054117909844931686,0.2797088623046875,0.0,165.28344796982472
1100,400,0.0,0.0,0.2797088623046875,0.0,165.93826270246282
1200,400,0.0,0.0,0.2797088623046875,0.0,165.93826270246282
-1200,500,0.0,0.0,0.2797088623046875,0.0,165.93826270246282
-1100,500,0.006826541181354551,0.006826541181354551,0.2797088623046875,0.0,165.47648102950964
-1000,500,0.09515775890515149,0.09747637439217167,0.27978515625,0.011593077435100954,162.03832926558687
-900,500,0.2278143787775423,0.26929429890179346,0.286773681640625,0.20739960062125581,134.30896383403595
-800,500,0.2586522311649518,0.3782661650455819,0.30364990234375,0.5980696694031506,86.6581983581096
-700,500,0.24392391022182558,0.3985056719258416,0.3121490478515625,0.7729088085200799,66.1163745285112
-600,500,0.23552378225389162,0.39579669106241167,0.317230224609375,0.8013645440426004,62.76597514976703
-500,500,0.2365560552890798,0.3965294300394681,0.318206787109375,0.7998668737519414,63.6611382294209
-400,500,0.24152107788110982,0.392441867763515,0.3199005126953125,0.7546039494120257,68.40647881073885
-300,500,0.2442940194745537,0.4017823709278486,0.3148040771484375,0.7874417572664744,63.95518082982028
-200,500,0.24520563913738666,0.40566714346398974,0.31829833984375,0.8023075216330153,63.852895495895275
-100,500,0.24502867913863036,0.40488002149496494,0.3185272216796875,0.7992567117816729,62.70368315952962
0,500,0.23996847033041002,0.39199864561330333,0.3225860595703125,0.7601508764144664,66.90975149767029
100,500,0.23941621674847394,0.3968601927857493,0.3207244873046875,0.7872198801863768,65.80158642112269
200,500,0.23700440240423676,0.3913642870281551,0.3187713623046875,0.7717994231195917,65.42422897714665
300,500,0.2446672648131913,0.40639346849635083,0.321685791015625,0.8086310184157977,61.43715331706235
400,500,0.24514245616837094,0.39764966717347416,0.32037353515625,0.7625360550255159,67.5752163301531
500,500,0.2396697740197518,0.39750203494719805,0.322845458984375,0.789161304637231,64.5107055691147
600,500,0.24089209145885165,0.3963946430452728,0.3197174072265625,0.7775127579321056,63.68410250721101
700,500,0.2573364546122228,0.3746761484218523,0.304718017578125,0.5866984690481474,87.08087419569559
800,500,0.2293341469069794,0.2959971156223111,0.2890167236328125,0.3333148435766585,118.73713112935434
900,500,0.13010866159165185,0.13353666247916018,0.280609130859375,0.0171400044375416,160.2534390947415
1000,500,0.03872896409555289,0.03872896409555289,0.2797088623046875,0.0,165.21854892389615
1100,500,0.0,0.0,0.2797088623046875,0.0,165.93826270246282
1200,500,0.0,0.0,0.2797088623046875,0.0,165.93826270246282
-1200,600,0.0,0.0,0.2797088623046875,0.0,165.93826270246282
-1100,600,0.006826541181354551,0.006826541181354551,0.2797088623046875,0.0,165.47648102950964
-1000,600,0.023822588366524455,0.023822588366524455,0.2797088623046875,0.0,163.6745617927668
-900,600,0.15426437447404065,0.1656133871210342,0.28009033203125,0.05674506323496783,153.74123585533616
-800,600,0.23575033201363735,0.3012817276204712,0.288604736328125,0.32765697803416904,118.90647881073885
-700,600,0.26269973104716887,0.3978672482426426,0.30413818359375,0.6758375859773685,77.31223652096739
-600,600,0.24563492894184322,0.4004607554339666,0.3163299560546875,0.7741291324606168,64.83680940758819
-500,600,0.23868060841663172,0.3932512762666428,0.3177947998046875,0.7728533392500555,65.88784113601065
-400,600,0.2419965286284861,0.3951249954578626,0.3166961669921875,0.7656423341468827,67.09623918349234
-300,600,0.2463240307711567,0.4044003564867103,0.3191986083984375,0.790381628577768,63.870146438872865
-200,600,0.24123222005461603,0.40060652668874075,0.31951904296875,0.7968715331706234,64.06079431994675
-100,600,0.2431880616515631,0.403105967131927,0.3170928955078125,0.7995895274018194,63.603949412025734
0,600,0.2392484146579666,0.3968920800673298,0.3167266845703125,0.788218327046816,64.73652096738407
100,600,0.24120402207622738,0.39773830208510247,0.32080078125,0.7826714000443754,64.78794098069669
200,600,0.24539189113993926,0.4058090200505228,0.3238677978515625,0.8020856445529176,63.49062569336588
300,600,0.241731650304919,0.3956366869146372,0.32232666015625,0.7695251830485911,66.5381628577768
400,600,0.24093471893039553,0.39928839099607116,0.3178253173828125,0.791768360328378,63.187874417572665
500,600,0.23764084342414601,0.39292151793046953,0.316802978515625,0.7764033725316175,64.1352340803195
600,600,0.24832110547558695,0.38398784610128034,0.3091278076171875,0.6783337031284669,75.94186820501442
700,600,0.23797732601632368,0.31986106242635254,0.2927093505859375,0.4094186820501442,109.18254936765032
800,600,0.18922041921829735,0.2129168913727238,0.2836151123046875,0.11848236077213224,145.9481917017972
900,600,0.03887921733702191,0.03887921733702191,0.2797088623046875,0.0,162.95346128244952
1000,600,0.03573403329543899,0.03573403329543899,0.2797088623046875,0.0,165.21854892389615
1100,600,0.0,0.0,0.2797088623046875,0.0,165.93826270246282
1200,600,0.0,0.0,0.2797088623046875,0.0,165.93826270246282
-1200,700,0.0,0.0,0.2797088623046875,0.0,165.93826270246282
-1100,700,0.006826541181354551,0.006826541181354551,0.2797088623046875,0.0,165.47648102950964
-1000,700,0.023822588366524455,0.023822588366524455,0.2797088623046875,0.0,163.6745617927668
-900,700,0.06208719562182727,0.06208719562182727,0.2797088623046875,0.0,161.28239405369425
-800,700,0.1651532358177662,0.18421247699815227,0.28314208984375,0.09529620590193033,147.81939205680052
-700,700,0.25204585924124256,0.3264079626359619,0.2920989990234375,0.3718105169735966,113.3315952962059
-600,700,0.26116400183901894,0.38991927141967125,0.305145263671875,0.6437763479032615,80.30674506323497
-500,700,0.24442531423311595,0.3906755915794661,0.3160552978515625,0.7312513867317506,70.4629465276237
-400,700,0.2435847657775601,0.3976229286353369,0.320220947265625,0.7701908142888839,66.21627468382516
-300,700,0.2508853814311854,0.4080741988263485,0.3205413818359375,0.7859440869758154,64.10799866873752
-200,700,0.2534927342613462,0.4030267923931412,0.316314697265625,0.747670290658975,68.90808741956955
-100,700,0.23586583311833242,0.395439829124545,0.322296142578125,0.7978699800310628,64.3220545817617
0,700,0.2350770814768895,0.3939188831187799,0.31671142578125,0.794209008209452,62.717051253605504
100,700,0.23556682738951826,0.38971592878734385,0.3192291259765625,0.770745506989128,65.3713667628134
200,700,0.23493605922584004,0.39539756355244315,0.32025146484375,0.8023075216330153,62.392722431772796
300,700,0.2399957895851309,0.39741757791439647,0.32269287109375,0.7871089416463279,63.766640781007325
400,700,0.2398419365618606,0.3825199929186389,0.3153533935546875,0.7133902817838917,72.21755047703573
500,700,0.2555598103444881,0.3842817983631258,0.3091278076171875,0.6436099400931884,80.52995340581317
600,700,0.2396116868084322,0.3305480080864442,0.2904205322265625,0.4546816063900599,103.18770800976259
700,700,0.2171114824872944,0.24908396972936228,0.2837982177734375,0.15986243621033946,140.00116485467052
800,700,0.09051526796694709,0.09109214837520091,0.2798919677734375,0.002884402041269137,160.69397603727535
900,700,0.02116533072145413,0.02116533072145413,0.2797088623046875,0.0,162.95346128244952
1000,700,0.03573403329543899,0.03573403329543899,0.2797088623046875,0.0,165.21854892389615
1100,700,0.0,0.0,0.2797088623046875,0.0,165.93826270246282
1200,700,0.0,0.0,0.2797088623046875,0.0,165.93826270246282
-1200,800,0.0,0.0,0.2797088623046875,0.0,165.93826270246282
-1100,800,0.006826541181354551,0.006826541181354551,0.2797088623046875,0.0,165.47648102950964
-1000,800,0.023822588366524455,0.023822588366524455,0.2797088623046875,0.0,163.6745617927668
-900,800,0.023779487279489572,0.023779487279489572,0.2797088623046875,0.0,161.26525404925673
-800,800,0.05249161070589388,0.05274676934800615,0.2797088623046875,0.001275793210561349,160.5832039050366
-700,800,0.17651229042867692,0.19252072175772061,0.28363037109375,0.08004215664521855,150.07898824051475
-600,800,0.25222018692792075,0.31950441146752584,0.293243408203125,0.3364211226980253,117.48402485023297
-500,800,0.2546658828231868,0.364461755909497,0.3041839599609375,0.5489793654315509,90.80103172842246
-400,800,0.2544982484252489,0.3858494798430434,0.309173583984375,0.6567561570889727,80.70418238295984
-300,800,0.261150526863828,0.4106956788496279,0.313812255859375,0.7477257599289994,70.47881073885068
-200,800,0.2510848177307735,0.4032481192617254,0.3160247802734375,0.7608165076547593,67.89122476148214
-100,800,0.23774211354432437,0.4032402275891436,0.318328857421875,0.8274905702240959,58.85844242289772
0,800,0.22778131022087678,0.38967392171410953,0.32177734375,0.8094630574661638,62.08536720656756
100,800,0.23485588721563844,0.396670841730837,0.3233795166015625,0.8090747725759929,62.14660528067451
200,800,0.2392500976444347,0.3924340337438357,0.311737060546875,0.7659196804970047,66.07155535833148
300,800,0.24671349129418257,0.3852646339611451,0.3088836669921875,0.6927557133348126,73.51153760816507
400,800,0.24591935039639296,0.35735711387542557,0.303253173828125,0.5571888173951631,91.44641668515642
500,800,0.2428829252845923,0.3303135886970618,0.2954864501953125,0.43715331706234745,106.52473929443089
600,800,0.19397984722501546,0.22984627722279669,0.2859039306640625,0.17933214998890615,138.19708231639672
700,800,0.09177158060888702,0.09232627330913108,0.280059814453125,0.002773463501220324,160.64028178389174
800,800,0.007463707417160291,0.007463707417160291,0.2797088623046875,0.0,160.9732083425782
900,800,0.02116533072145413,0.02116533072145413,0.2797088623046875,0.0,162.95346128244952
1000,800,0.03573403329543899,0.03573403329543899,0.2797088623046875,0.0,165.21854892389615
1100,800,0.0,0.0,0.2797088623046875,0.0,165.93826270246282
1200,800,0.0,0.0,0.2797088623046875,0.0,165.93826270246282
-1200,900,0.0,0.0,0.2797088623046875,0.0,165.93826270246282
-1100,900,0.008369180993835603,0.008369180993835603,0.2797088623046875,0.0,165.5699467495008
-1000,900,0.017239922804288606,0.017239922804288606,0.2797088623046875,0.0,164.0609052584868
-900,900,0.016674515298410783,0.016674515298410783,0.2797088623046875,0.0,161.9358775238518
-800,900,0.01583750928715101,0.01583750928715101,0.2797088623046875,0.0,161.62774572886622
-700,900,0.043591413538025967,0.043591413538025967,0.2797088623046875,0.0,161.63445751053916
-600,900,0.15683788206607124,0.1653579619418201,0.28228759765625,0.04260039937874418,155.97487242067893
-500,900,0.2226126766781119,0.26375978118221666,0.2876129150390625,0.20573552252052363,134.48025293987132
-400,900,0.25964588272393857,0.3349509637090728,0.29547119140625,0.37652540492567116,114.26048369203461
-300,900,0.2638576685432521,0.36062935702783167,0.2945404052734375,0.4838584424228977,100.08791879298869
-200,900,0.2718051241520287,0.3661805401715539,0.2971954345703125,0.4718770800976259,101.14843576658531
-100,900,0.2607922095987806,0.3914001527982481,0.306976318359375,0.6530397159973375,81.82543820723319
0,900,0.2585420422084256,0.38959373956808835,0.305023193359375,0.6552584867983138,80.06129354337696
100,900,0.25903923008577223,0.3868848036380243,0.30377197265625,0.6392278677612603,82.00826492123363
200,900,0.2480769473094256,0.3564417132291061,0.2982177734375,0.5418238295984025,94.20401597514977
300,900,0.25473096825101615,0.34316007852392494,0.2910003662109375,0.44214555136454403,106.28355890836477
400,900,0.23021526275311044,0.2830774770863698,0.2863006591796875,0.26431107166629686,128.0695584646106
500,900,0.1659821295455983,0.17962756997160229,0.2811126708984375,0.06822720213001997,152.32394053694253
600,900,0.0670235529598856,0.0670235529598856,0.279876708984375,0.0,161.6279121366763
700,900,0.01661078632296998,0.01661078632296998,0.2797088623046875,0.0,161.62774572886622
800,900,0.01555840090111378,0.01555840090111378,0.2797088623046875,0.0,161.6626913689816
900,900,0.02303631896925922,0.02303631896925922,0.2797088623046875,0.0,163.31733969380963
1000,900,0.04800331916080966,0.04800331916080966,0.2797088623046875,0.0,165.29981140448191
1100,900,0.0,0.0,0.2797088623046875,0.0,165.93826270246282
1200,900,0.0,0.0,0.2797088623046875,0.0,165.93826270246282
-1200,1000,0.0,0.0,0.2797088623046875,0.0,165.93826270246282
-1100,1000,0.007625600395247624,0.007625600395247624,0.2797088623046875,0.0,165.79653871755048
-1000,1000,0.009685288709936409,0.009685288709936409,0.2797088623046875,0.0,164.99445307299757
-900,1000,0.022331091142986877,0.022331091142986877,0.2797088623046875,0.0,163.38806301309074
-800,1000,0.02041617998470236,0.02041617998470236,0.2797088623046875,0.0,163.27240958508986
-700,1000,0.02041617998470236,0.02041617998470236,0.2797088623046875,0.0,163.27240958508986
-600,1000,0.02041617998470236,0.02041617998470236,0.2797088623046875,0.0,163.27240958508986
-500,1000,0.06751082147259405,0.06799895104880882,0.2797088623046875,0.002440647881073885,162.7949855779898
-400,1000,0.1360407804671297,0.13786017252393024,0.27972412109375,0.009096960284002663,161.9359329931218
-300,1000,0.19036492061424182,0.21302966434621431,0.28167724609375,0.11332371865986243,149.61770579099178
-200,1000,0.2317091848866097,0.2745869306154759,0.2858428955078125,0.21438872864433103,136.65237408475704
-100,1000,0.2256160561645405,0.28983837699879833,0.293609619140625,0.3211116041712891,124.2643110716663
0,1000,0.2266510551793584,0.28545957525923416,0.2908935546875,0.29404260039937874,126.76231417794541
100,1000,0.21525362031214276,0.27288619186750107,0.288909912109375,0.2881628577767917,126.4420346128245
200,1000,0.19480704101037902,0.22979705654177462,0.28277587890625,0.17495007765697804,141.11742844464166
300,1000,0.16831459091373352,0.18009626386691746,0.2813720703125,0.05890836476591968,155.7857222098957
400,1000,0.1046804703310444,0.1046804703310444,0.279815673828125,0.0,163.35982915464834
500,1000,0.021164499069816635,0.021164499069816635,0.2797088623046875,0.0,163.27240958508986
600,1000,0.02041617998470236,0.02041617998470236,0.2797088623046875,0.0,163.27240958508986
700,1000,0.02041617998470236,0.02041617998470236,0.2797088623046875,0.0,163.27240958508986
800,1000,0.020729122722877094,0.020729122722877094,0.2797088623046875,0.0,163.27324162414024
900,1000,0.027003346624881075,0.027003346624881075,0.2797088623046875,0.0,164.1099955624584
1000,1000,0.03934628748294324,0.03934628748294324,0.2797088623046875,0.0,165.61376747282006
1100,1000,0.0,0.0,0.2797088623046875,0.0,165.93826270246282
1200,1000,0.0,0.0,0.2797088623046875,0.0,165.93826270246282
-1200,1100,0.0,0.0,0.2797088623046875,0.0,165.93826270246282
-1100,1100,0.003224783623267198,0.003224783623267198,0.2797088623046875,0.0,165.93826270246282
-1000,1100,0.0042735168555971086,0.0042735168555971086,0.2797088623046875,0.0,165.92855558020855
-900,1100,0.006942238355681264,0.006942238355681264,0.2797088623046875,0.0,165.92855558020855
-800,1100,0.00724739254016552,0.00724739254016552,0.2797088623046875,0.0,165.92855558020855
-700,1100,0.00724739254016552,0.00724739254016552,0.2797088623046875,0.0,165.92855558020855
-600,1100,0.00724739254016552,0.00724739254016552,0.2797088623046875,0.0,165.92855558020855
-500,1100,0.00724739254016552,0.00724739254016552,0.2797088623046875,0.0,165.92855558020855
-400,1100,0.008039225053874579,0.008039225053874579,0.2797088623046875,0.0,165.92855558020855
-300,1100,0.009161794144237172,0.009161794144237172,0.2797088623046875,0.0,165.93049700465943
-200,1100,0.011481188639184911,0.011481188639184911,0.2797088623046875,0.0,165.93049700465943
-100,1100,0.00724739254016552,0.00724739254016552,0.2797088623046875,0.0,165.93049700465943
0,1100,0.00724739254016552,0.00724739254016552,0.2797088623046875,0.0,165.93049700465943
100,1100,0.00724739254016552,0.00724739254016552,0.2797088623046875,0.0,165.93049700465943
200,1100,0.008039225053874579,0.008039225053874579,0.2797088623046875,0.0,165.93049700465943
300,1100,0.009161794144237172,0.009161794144237172,0.2797088623046875,0.0,165.92855558020855
400,1100,0.01148118863918491,0.01148118863918491,0.2797088623046875,0.0,165.92855558020855
500,1100,0.00724739254016552,0.00724739254016552,0.2797088623046875,0.0,165.92855558020855
600,1100,0.00724739254016552,0.00724739254016552,0.2797088623046875,0.0,165.92855558020855
700,1100,0.00724739254016552,0.00724739254016552,0.2797088623046875,0.0,165.92855558020855
800,1100,0.006883251878050378,0.006883251878050378,0.2797088623046875,0.0,165.92855558020855
900,1100,0.003879744233133998,0.003879744233133998,0.2797088623046875,0.0,165.93826270246282
1000,1100,0.005105043938599057,0.005105043938599057,0.2797088623046875,0.0,165.93826270246282
1100,1100,0.0,0.0,0.2797088623046875,0.0,165.93826270246282
1200,1100,0.0,0.0,0.2797088623046875,0.0,165.93826270246282
-1200,1200,0.0,0.0,0.2797088623046875,0.0,165.93826270246282
-1100,1200,0.0,0.0,0.2797088623046875,0.0,165.93826270246282
-1000,1200,0.0,0.0,0.2797088623046875,0.0,165.93826270246282
-900,1200,0.0,0.0,0.2797088623046875,0.0,165.93826270246282
-800,1200,0.0,0.0,0.2797088623046875,0.0,165.93826270246282
-700,1200,0.0,0.0,0.2797088623046875,0.0,165.93826270246282
-600,1200,0.0,0.0,0.2797088623046875,0.0,165.93826270246282
-500,1200,0.0,0.0,0.2797088623046875,0.0,165.93826270246282
-400,1200,0.0,0.0,0.2797088623046875,0.0,165.93826270246282
-300,1200,0.0,0.0,0.2797088623046875,0.0,165.93826270246282
-200,1200,0.0,0.0,0.2797088623046875,0.0,165.93826270246282
-100,1200,0.0,0.0,0.2797088623046875,0.0,165.93826270246282
0,1200,0.0,0.0,0.2797088623046875,0.0,165.93826270246282
100,1200,0.0,0.0,0.2797088623046875,0.0,165.93826270246282
200,1200,0.0,0.0,0.2797088623046875,0.0,165.93826270246282
300,1200,0.0,0.0,0.2797088623046875,0.0,165.93826270246282
400,1200,0.0,0.0,0.2797088623046875,0.0,165.93826270246282
500,1200,0.0,0.0,0.2797088623046875,0.0,165.93826270246282
600,1200,0.0,0.0,0.2797088623046875,0.0,165.93826270246282
700,1200,0.0,0.0,0.2797088623046875,0.0,165.93826270246282
800,1200,0.0,0.0,0.2797088623046875,0.0,165.93826270246282
900,1200,0.0,0.0,0.2797088623046875,0.0,165.93826270246282
1000,1200,0.0,0.0,0.2797088623046875,0.0,165.93826270246282
1100,1200,0.0,0.0,0.2797088623046875,0.0,165.93826270246282
1200,1200,0.0,0.0,0.2797088623046875,0.0,165.93826270246282
-1200,1300,0.0,0.0,0.2797088623046875,0.0,165.93826270246282
-1100,1300,0.0,0.0,0.2797088623046875,0.0,165.93826270246282
-1000,1300,0.0,0.0,0.2797088623046875,0.0,165.93826270246282
-900,1300,0.0,0.0,0.2797088623046875,0.0,165.93826270246282
-800,1300,0.0,0.0,0.2797088623046875,0.0,165.93826270246282
-700,1300,0.0,0.0,0.2797088623046875,0.0,165.93826270246282
-600,1300,0.0,0.0,0.2797088623046875,0.0,165.93826270246282
-500,1300,0.0,0.0,0.2797088623046875,0.0,165.93826270246282
-400,1300,0.0,0.0,0.2797088623046875,0.0,165.93826270246282
-300,1300,0.0,0.0,0.2797088623046875,0.0,165.93826270246282
-200,1300,0.0,0.0,0.2797088623046875,0.0,165.93826270246282
-100,1300,0.0,0.0,0.2797088623046875,0.0,165.93826270246282
0,1300,0.0,0.0,0.2797088623046875,0.0,165.93826270246282
100,1300,0.0,0.0,0.2797088623046875,0.0,165.93826270246282
200,1300,0.0,0.0,0.2797088623046875,0.0,165.93826270246282
300,1300,0.0,0.0,0.2797088623046875,0.0,165.93826270246282
400,1300,0.0,0.0,0.2797088623046875,0.0,165.93826270246282
500,1300,0.0,0.0,0.2797088623046875,0.0,165.93826270246282
600,1300,0.0,0.0,0.2797088623046875,0.0,165.93826270246282
700,1300,0.0,0.0,0.2797088623046875,0.0,165.93826270246282
800,1300,0.0,0.0,0.2797088623046875,0.0,165.93826270246282
900,1300,0.0,0.0,0.2797088623046875,0.0,165.93826270246282
1000,1300,0.0,0.0,0.2797088623046875,0.0,165.93826270246282
1100,1300,0.0,0.0,0.2797088623046875,0.0,165.93826270246282
1200,1300,0.0,0.0,0.2797088623046875,0.0,165.93826270246282
-1200,1400,0.0,0.0,0.2797088623046875,0.0,165.93826270246282
-1100,1400,0.0,0.0,0.2797088623046875,0.0,165.93826270246282
-1000,1400,0.0,0.0,0.2797088623046875,0.0,165.93826270246282
-900,1400,0.0,0.0,0.2797088623046875,0.0,165.93826270246282
-800,1400,0.0,0.0,0.2797088623046875,0.0,165.93826270246282
-700,1400,0.0,0.0,0.2797088623046875,0.0,165.93826270246282
-600,1400,0.0,0.0,0.2797088623046875,0.0,165.93826270246282
-500,1400,0.0,0.0,0.2797088623046875,0.0,165.93826270246282
-400,1400,0.0,0.0,0.2797088623046875,0.0,165.93826270246282
-300,1400,0.0,0.0,0.2797088623046875,0.0,165.93826270246282
-200,1400,0.0,0.0,0.2797088623046875,0.0,165.93826270246282
-100,1400,0.0,0.0,0.2797088623046875,0.0,165.93826270246282
0,1400,0.0,0.0,0.2797088623046875,0.0,165.93826270246282
100,1400,0.0,0.0,0.2797088623046875,0.0,165.93826270246282
200,1400,0.0,0.0,0.2797088623046875,0.0,165.93826270246282
300,1400,0.0,0.0,0.2797088623046875,0.0,165.93826270246282
400,1400,0.0,0.0,0.2797088623046875,0.0,165.93826270246282
500,1400,0.0,0.0,0.2797088623046875,0.0,165.93826270246282
600,1400,0.0,0.0,0.2797088623046875,0.0,165.93826270246282
700,1400,0.0,0.0,0.2797088623046875,0.0,165.93826270246282
800,1400,0.0,0.0,0.2797088623046875,0.0,165.93826270246282
900,1400,0.0,0.0,0.2797088623046875,0.0,165.93826270246282
1000,1400,0.0,0.0,0.2797088623046875,0.0,165.93826270246282
1100,1400,0.0,0.0,0.2797088623046875,0.0,165.93826270246282
1200,1400,0.0,0.0,0.2797088623046875,0.0,165.93826270246282
