x,y,mi,mis,sc,sc_masked,nmi,masked_mi,mis_masked
-1200,-1200,0.0,-0.1,0.2797088623046875,-1.0,1.0,0.0,-0.1
-1100,-1200,0.0,-0.1,0.2797088623046875,-1.0,1.0,0.0,-0.1
-1000,-1200,0.0,-0.1,0.2797088623046875,-1.0,1.0,0.0,-0.1
-900,-1200,0.0,-0.1,0.2797088623046875,-1.0,1.0,0.0,-0.1
-800,-1200,0.0,-0.1,0.2797088623046875,-1.0,1.0,0.0,-0.1
-700,-1200,0.0,-0.1,0.2797088623046875,-1.0,1.0,0.0,-0.1
-600,-1200,0.0,-0.1,0.2797088623046875,-1.0,1.0,0.0,-0.1
-500,-1200,0.0,-0.1,0.2797088623046875,-1.0,1.0,0.0,-0.1
-400,-1200,0.0,-0.1,0.2797088623046875,-1.0,1.0,0.0,-0.1
-300,-1200,0.0,-0.1,0.2797088623046875,-1.0,1.0,0.0,-0.1
-200,-1200,0.0,-0.1,0.2797088623046875,-1.0,1.0,0.0,-0.1
-100,-1200,0.0,-0.1,0.2797088623046875,-1.0,1.0,0.0,-0.1
0,-1200,0.0,-0.1,0.2797088623046875,-1.0,1.0,0.0,-0.1
100,-1200,0.0,-0.1,0.2797088623046875,-1.0,1.0,0.0,-0.1
200,-1200,0.0,-0.1,0.2797088623046875,-1.0,1.0,0.0,-0.1
300,-1200,0.0,-0.1,0.2797088623046875,-1.0,1.0,0.0,-0.1
400,-1200,0.0,-0.1,0.2797088623046875,-1.0,1.0,0.0,-0.1
500,-1200,0.0,-0.1,0.2797088623046875,-1.0,1.0,0.0,-0.1
600,-1200,0.0,-0.1,0.2797088623046875,-1.0,1.0,0.0,-0.1
700,-1200,0.0,-0.1,0.2797088623046875,-1.0,1.0,0.0,-0.1
800,-1200,0.0,-0.1,0.2797088623046875,-1.0,1.0,0.0,-0.1
900,-1200,0.0,-0.1,0.2797088623046875,-1.0,1.0,0.0,-0.1
1000,-1200,0.0,-0.1,0.2797088623046875,-1.0,1.0,0.0,-0.1
1100,-1200,0.0,-0.1,0.2797088623046875,-1.0,1.0,0.0,-0.1
1200,-1200,0.0,-0.1,0.2797088623046875,-1.0,1.0,0.0,-0.1
-1200,-1100,0.0,-0.1,0.2797088623046875,-1.0,1.0,0.0,-0.1
-1100,-1100,0.0,-0.1,0.2797088623046875,-1.0,1.0,0.0,-0.1
-1000,-1100,0.0,-0.1,0.2797088623046875,-1.0,1.0,0.0,-0.1
-900,-1100,0.0,-0.1,0.2797088623046875,-1.0,1.0,0.0,-0.1
-800,-1100,0.0,-0.1,0.2797088623046875,-1.0,1.0,0.0,-0.1
-700,-1100,0.0,-0.1,0.2797088623046875,-1.0,1.0,0.0,-0.1
-600,-1100,0.0,-0.1,0.2797088623046875,-1.0,1.0,0.0,-0.1
-500,-1100,0.0,-0.1,0.2797088623046875,-1.0,1.0,0.0,-0.1
-400,-1100,0.0,-0.1,0.2797088623046875,-1.0,1.0,0.0,-0.1
-300,-1100,0.0,-0.1,0.2797088623046875,-1.0,1.0,0.0,-0.1
-200,-1100,0.0,-0.1,0.2797088623046875,-1.0,1.0,0.0,-0.1
-100,-1100,0.0,-0.1,0.2797088623046875,-1.0,1.0,0.0,-0.1
0,-1100,0.0,-0.1,0.2797088623046875,-1.0,1.0,0.0,-0.1
100,-1100,0.0,-0.1,0.2797088623046875,-1.0,1.0,0.0,-0.1
200,-1100,0.0,-0.1,0.2797088623046875,-1.0,1.0,0.0,-0.1
300,-1100,0.0,-0.1,0.2797088623046875,-1.0,1.0,0.0,-0.1
400,-1100,0.0,-0.1,0.2797088623046875,-1.0,1.0,0.0,-0.1
500,-1100,0.0,-0.1,0.2797088623046875,-1.0,1.0,0.0,-0.1
600,-1100,0.0,-0.1,0.2797088623046875,-1.0,1.0,0.0,-0.1
700,-1100,0.0,-0.1,0.2797088623046875,-1.0,1.0,0.0,-0.1
800,-1100,0.0,-0.1,0.2797088623046875,-1.0,1.0,0.0,-0.1
900,-1100,0.0,-0.1,0.2797088623046875,-1.0,1.0,0.0,-0.1
1000,-1100,0.0,-0.1,0.2797088623046875,-1.0,1.0,0.0,-0.1
1100,-1100,0.0,-0.1,0.2797088623046875,-1.0,1.0,0.0,-0.1
1200,-1100,0.0,-0.1,0.2797088623046875,-1.0,1.0,0.0,-0.1
-1200,-1000,0.0,-0.1,0.2797088623046875,-1.0,1.0,0.0,-0.1
-1100,-1000,0.002194082707107203,-0.0978059172928928,0.2797088623046875,-1.0,1.000477216730092,4.722949544957327e-05,-0.09995277050455043
-1000,-1000,0.011507481487939895,-0.08849251851206011,0.2797088623046875,-1.0,1.0023686339418931,0.0019235868089196653,-0.09807641319108035
-900,-1000,0.013710292019036827,-0.08628970798096318,0.2797088623046875,-1.0,1.0027341201733524,0.005999526987793498,-0.09400047301220651
-800,-1000,0.019076128927134985,-0.08092387107286503,0.2797088623046875,-1.0,1.003781686934828,0.008877446291303472,-0.09112255370869654
-700,-1000,0.019076128927134985,-0.08092387107286503,0.2797088623046875,-1.0,1.003781686934828,0.008877446291303472,-0.09112255370869654
-600,-1000,0.019076128927134985,-0.08092387107286503,0.2797088623046875,-1.0,1.003781686934828,0.008877446291303472,-0.09112255370869654
-500,-1000,0.019076128927134985,-0.08092387107286503,0.2797088623046875,-1.0,1.003781686934828,0.008877446291303472,-0.09112255370869654
-400,-1000,0.058863179306825164,-0.03923977165834014,0.2797088623046875,-0.981029509651653,1.0114066930669978,0.012346367089699885,-0.08765363291030012
-300,-1000,0.12341610351368718,0.029883820398532962,0.281097412109375,-0.935322831151542,1.0221231907773158,0.013731166305665909,-0.08509288516981667
-200,-1000,0.16358831517728295,0.07674562602707216,0.283477783203125,-0.8684268915021078,1.027583890774256,0.013580795339181736,-0.08099431005243132
-100,-1000,0.18114280374075176,0.10056259517629645,0.2850799560546875,-0.8058020856445529,1.0297835197542142,0.014085954243693544,-0.07997883386369496
0,-1000,0.18288572369665942,0.10058596776144753,0.284881591796875,-0.8229975593521189,1.0299756860677676,0.013534226059457553,-0.08152900890837028
100,-1000,0.1749203963099466,0.09197719684245159,0.283233642578125,-0.8294319946749501,1.0292343785295468,0.014068452328013358,-0.08080618712173149
200,-1000,0.1374333941315517,0.047107234823808186,0.2811279296875,-0.9032615930774351,1.0241516136627113,0.013206765517091925,-0.08420836649977075
300,-1000,0.08218765313044518,-0.017440702760391294,0.2806854248046875,-0.9962835589083647,1.015544911460952,0.01298768760838516,-0.08693465541358068
400,-1000,0.019755185201619774,-0.08024481479838023,0.2797088623046875,-1.0,1.0039151567161213,0.008920067859278926,-0.09107993214072108
500,-1000,0.019076128927134985,-0.08092387107286503,0.2797088623046875,-1.0,1.003781686934828,0.008877446291303472,-0.09112255370869654
600,-1000,0.019076128927134985,-0.08092387107286503,0.2797088623046875,-1.0,1.003781686934828,0.008877446291303472,-0.09112255370869654
700,-1000,0.019076128927134985,-0.08092387107286503,0.2797088623046875,-1.0,1.003781686934828,0.008877446291303472,-0.09112255370869654
800,-1000,0.018981043273550303,-0.08101895672644971,0.2797088623046875,-1.0,1.0037667169990834,0.007976902834339817,-0.09202309716566019
900,-1000,0.013148704889806115,-0.08685129511019389,0.2797088623046875,-1.0,1.0026804450992113,0.0074532072102192655,-0.09254679278978074
1000,-1000,0.007910916279370815,-0.09208908372062918,0.2797088623046875,-1.0,1.00169024236595,0.0020703801066488375,-0.09792961989335117
1100,-1000,0.0,-0.1,0.2797088623046875,-1.0,1.0,0.0,-0.1
1200,-1000,0.0,-0.1,0.2797088623046875,-1.0,1.0,0.0,-0.1
-1200,-900,0.0,-0.1,0.2797088623046875,-1.0,1.0,0.0,-0.1
-1100,-900,0.007420689141886038,-0.09257931085811397,0.2797088623046875,-1.0,1.0015756985675441,0.00012052314185239288,-0.09987947685814762
-1000,-900,0.022642251128733117,-0.0773577488712669,0.2797088623046875,-1.0,1.0044534884575083,0.0004265428626171273,-0.09957345713738287
-900,-900,0.01634446261174817,-0.08365553738825184,0.2797088623046875,-1.0,1.0031801569638803,0.0029563255444606702,-0.09704367445553934
-800,-900,0.018220656400566908,-0.08177934359943309,0.2797088623046875,-1.0,1.0035748820379937,0.007778916417436495,-0.0922210835825635
-700,-900,0.018220656400566908,-0.08177934359943309,0.2797088623046875,-1.0,1.0035748820379937,0.007778916417436495,-0.0922210835825635
-600,-900,0.08358611501425078,-0.012442285252001722,0.279998779296875,-0.960284002662525,1.0157172875532443,0.011603392750633029,-0.08767550673904968
-500,-900,0.17714674536620098,0.08941100096859725,0.2839508056640625,-0.8773574439760373,1.029176483956669,0.012627354494305017,-0.08139305819706397
-400,-900,0.24051690182194593,0.16876185411837372,0.287872314453125,-0.7175504770357222,1.0342180677149884,0.016376055467065418,-0.07220836876191174
-300,-900,0.27228965468907784,0.21761359522602036,0.2952423095703125,-0.5467605946305747,1.0349093131687341,0.015663571634432265,-0.06612032008955265
-200,-900,0.27953685625325564,0.23850069028919973,0.2981109619140625,-0.41036165964055915,1.0343302747017566,0.01976237216584622,-0.05380097374052165
-100,-900,0.26181945112832816,0.22262486492908254,0.2974700927734375,-0.3919458619924562,1.0316525895985573,0.016018645381046578,-0.05968581434826338
0,-900,0.27421152220161893,0.23858915699194508,0.3000640869140625,-0.3562236520967384,1.0330683425233294,0.02016183765151066,-0.05114945589186632
100,-900,0.27515310915560665,0.2224739434134278,0.2964324951171875,-0.5267916574217884,1.0336920408479566,0.023271778857270654,-0.05693678559802112
200,-900,0.26343354816975445,0.20629465311761333,0.2908477783203125,-0.5713889505214111,1.0333352316020215,0.022138907065643514,-0.06392721230422557
300,-900,0.23614454749476324,0.16337441214974438,0.2870025634765625,-0.7277013534501886,1.0324316523064,0.026564431098762845,-0.0637395405009709
400,-900,0.18118899267547045,0.09757461504068012,0.2823028564453125,-0.8361437763479033,1.0287982217012548,0.015120938403040737,-0.0820723165337243
500,-900,0.11236832482431575,0.015579995558728868,0.2805633544921875,-0.9678832926558687,1.0205393205049196,0.013788734857394382,-0.08525719369818582
600,-900,0.02005577382249349,-0.07994422617750652,0.2797088623046875,-1.0,1.0039321160304349,0.007908297936194951,-0.09209170206380506
700,-900,0.018220656400566908,-0.08177934359943309,0.2797088623046875,-1.0,1.0035748820379937,0.007778916417436495,-0.0922210835825635
800,-900,0.016632624857989227,-0.08336737514201079,0.2797088623046875,-1.0,1.0032568881369335,0.006721282417047569,-0.09327871758295243
900,-900,0.014138782041834419,-0.08586121795816559,0.2797088623046875,-1.0,1.0027549526127577,0.007703790860545758,-0.09229620913945424
1000,-900,0.01410839813210259,-0.08589160186789742,0.2797088623046875,-1.0,1.0029069178198606,0.003415016978738729,-0.09658498302126128
1100,-900,0.0,-0.1,0.2797088623046875,-1.0,1.0,0.0,-0.1
1200,-900,0.0,-0.1,0.2797088623046875,-1.0,1.0,0.0,-0.1
-1200,-800,0.0,-0.1,0.2797088623046875,-1.0,1.0,0.0,-0.1
-1100,-800,0.006826541181354551,-0.09317345881864546,0.2797088623046875,-1.0,1.001425210430936,6.110727787336247e-05,-0.09993889272212664
-1000,-800,0.023822588366524455,-0.07617741163347555,0.2797088623046875,-1.0,1.0046295011895923,0.0009604868668086058,-0.0990395131331914
-900,-800,0.023779487279489572,-0.07622051272051043,0.2797088623046875,-1.0,1.0049313642587283,0.006164447603565822,-0.09383555239643418
-800,-800,0.005942546580601535,-0.09405745341939847,0.2797088623046875,-1.0,1.0012916383417552,0.00023447663972693132,-0.09976552336027307
-700,-800,0.12021662784058106,0.027582946899822228,0.2806396484375,-0.9263368094075882,1.0229174197231492,0.008389454279408192,-0.08980224751779615
-600,-800,0.20719968370872482,0.13347547691928618,0.2840728759765625,-0.7372420678943865,1.0322690271336374,0.008341938580176417,-0.08221719166166962
-500,-800,0.25957154836224217,0.21448057875940213,0.2916717529296875,-0.45090969602840025,1.0337206033684483,0.012302376106410365,-0.06597585775203206
-400,-800,0.2652047043288862,0.24816454457738854,0.3021392822265625,-0.17040159751497672,1.0306293475847663,0.012613971320590313,-0.05298398741027279
-300,-800,0.2694587764943334,0.2879744188284803,0.3109130859375,0.18515642334146884,1.0289890582411352,0.010271576358429926,-0.04947992131186073
-200,-800,0.2793704418691765,0.331001238407894,0.3119659423828125,0.5163079653871755,1.0292028590906597,0.012562674895311127,-0.021506550753679333
-100,-800,0.25567635153467216,0.30655831292806024,0.3145599365234375,0.5088196139338806,1.0263973307922052,0.007968004260064887,-0.023105880807607622
0,-800,0.26470218609611185,0.3227174956146386,0.3167724609375,0.5801530951852674,1.0272946169678798,0.009321980181851788,-0.01224447200363745
100,-800,0.27534475293835164,0.31056773940384974,0.31243896484375,0.35222986465498113,1.0286558326379025,0.00710292433947614,-0.03537544264521435
200,-800,0.2591595389814482,0.28621190197235125,0.3094482421875,0.2705236299090304,1.027552597995388,0.007741394843479479,-0.03828700542277302
300,-800,0.26825877862548586,0.2702445784923596,0.304168701171875,0.01985799866873752,1.0302440325392823,0.009946144212560137,-0.04766423963478843
400,-800,0.24765941731341012,0.20845928418716206,0.295196533203125,-0.3920013312624806,1.0311361966010497,0.015915031239414974,-0.06529198007631612
500,-800,0.21158164802967844,0.1418567756089995,0.288116455078125,-0.6972487242067894,1.0310987998739898,0.01813655788951561,-0.07122443611980324
600,-800,0.1485732450137932,0.06302853678215353,0.2810516357421875,-0.8554470823163968,1.0269269957983616,0.01222043740878793,-0.08471765888586484
700,-800,0.03414476009649926,-0.06574430136345193,0.2806243896484375,-0.9988906145995119,1.007235365726239,0.006836729825407653,-0.09316327017459235
800,-800,0.0035951649531868485,-0.09640483504681316,0.2797088623046875,-1.0,1.0007867938918056,0.0018945894432546143,-0.09810541055674539
900,-800,0.02116533072145413,-0.07883466927854588,0.2797088623046875,-1.0,1.0041237681645825,3.976392927933204e-05,-0.09996023607072067
1000,-800,0.03573403329543899,-0.06426596670456101,0.2797088623046875,-1.0,1.0072330896390465,0.003825060718237199,-0.09617493928176281
1100,-800,0.0,-0.1,0.2797088623046875,-1.0,1.0,0.0,-0.1
1200,-800,0.0,-0.1,0.2797088623046875,-1.0,1.0,0.0,-0.1
-1200,-700,0.0,-0.1,0.2797088623046875,-1.0,1.0,0.0,-0.1
-1100,-700,0.006826541181354551,-0.09317345881864546,0.2797088623046875,-1.0,1.001425210430936,6.110727787336247e-05,-0.09993889272212664
-1000,-700,0.023822588366524455,-0.07617741163347555,0.2797088623046875,-1.0,1.0046295011895923,0.0009604868668086058,-0.0990395131331914
-900,-700,0.026091505005815863,-0.07390849499418414,0.2797088623046875,-1.0,1.0053272836963427,0.006185324028670131,-0.09381467597132988
-800,-700,0.13053252257885642,0.040123159366076286,0.2800750732421875,-0.9040936321278012,1.024175502366051,0.0030775046380448704,-0.09548029434132056
-700,-700,0.23998100264013852,0.1750375812955634,0.2896881103515625,-0.649434213445751,1.0347056993769603,0.00710664679315162,-0.07950307142295666
-600,-700,0.27225229689626723,0.24452320881106643,0.29779052734375,-0.277290880852008,1.0320450927976572,0.013829442431017979,-0.05799216839658353
-500,-700,0.2677485138978535,0.295033847822859,0.30963134765625,0.27285333925005545,1.0285676893786202,0.004838968073413664,-0.044517588394303226
-400,-700,0.2553422289494831,0.30984633367546494,0.3183746337890625,0.5450410472598181,1.026392234230022,0.0103208758892841,-0.024502731832038292
-300,-700,0.23672947950145926,0.2981117737104675,0.320281982421875,0.6138229420900821,1.0243745801159605,0.0033940169784144143,-0.02206637796278816
-200,-700,0.24019396418990466,0.30164282152294214,0.319671630859375,0.614488573330375,1.0247259493249496,0.0037061760757347664,-0.021232807727238387
-100,-700,0.25093702152446123,0.30768763168643154,0.31634521484375,0.5675061016197027,1.025808912914057,0.0071256171091634134,-0.016016162345018972
0,-700,0.2549981622283094,0.29766512473108286,0.3160552978515625,0.42666962502773464,1.0262137055411515,0.010971012223660221,-0.017562380276894475
100,-700,0.2553369447909869,0.3083822077153268,0.3177947998046875,0.5304526292433992,1.0262614658745213,0.006625269575482494,-0.01941200577397391
200,-700,0.247092283849831,0.29105722727117556,0.3133087158203125,0.43964943421344577,1.0254391198194959,0.007836360263765905,-0.030437436053074564
300,-700,0.2538153360127756,0.3169837407165697,0.3175201416015625,0.631684047037941,1.0261539423232853,0.01072776681676725,-0.012247604827341912
400,-700,0.24651300404865345,0.28876394702624386,0.3125152587890625,0.42250942977590417,1.0259715486983845,0.006404090747434601,-0.03913617994260312
500,-700,0.2473570523169106,0.24493304521684403,0.302337646484375,-0.024240071000665633,1.0280204708105847,0.009911896864936038,-0.049351471229139854
600,-700,0.22668125912074544,0.17046870087801191,0.2907867431640625,-0.5621255824273352,1.0307632284285548,0.016095848288486182,-0.06903838734497289
700,-700,0.17236549974199805,0.08646024125519974,0.2833099365234375,-0.8590525848679831,1.0298608775797737,0.012566159989803722,-0.08204222696382397
800,-700,0.03258609967893919,-0.067302961781012,0.2797088623046875,-0.9988906145995119,1.006837095375008,0.006524220205735914,-0.0934757797942641
900,-700,0.02116533072145413,-0.07883466927854588,0.2797088623046875,-1.0,1.0041237681645825,3.976392927933204e-05,-0.09996023607072067
1000,-700,0.03573403329543899,-0.06426596670456101,0.2797088623046875,-1.0,1.0072330896390465,0.003825060718237199,-0.09617493928176281
1100,-700,0.0,-0.1,0.2797088623046875,-1.0,1.0,0.0,-0.1
1200,-700,0.0,-0.1,0.2797088623046875,-1.0,1.0,0.0,-0.1
-1200,-600,0.0,-0.1,0.2797088623046875,-1.0,1.0,0.0,-0.1
-1100,-600,0.006826541181354551,-0.09317345881864546,0.2797088623046875,-1.0,1.001425210430936,6.110727787336247e-05,-0.09993889272212664
-1000,-600,0.023822588366524455,-0.07617741163347555,0.2797088623046875,-1.0,1.0046295011895923,0.0009604868668086058,-0.0990395131331914
-900,-600,0.11893225532263335,0.024529104668095963,0.280303955078125,-0.9440315065453738,1.022269775859291,0.009633021113590129,-0.08920212421589734
-800,-600,0.24254963386554693,0.17785582423608165,0.288665771484375,-0.6469380962946527,1.0359344846583953,0.0039921854611685795,-0.08425942314766213
-700,-600,0.2909595191364406,0.27125128749676897,0.30377197265625,-0.19708231639671622,1.0334799650758446,0.020732366461386945,-0.042990730942651226
-600,-600,0.27356486523885915,0.3120050693657728,0.313690185546875,0.3844020412691369,1.0286022185693884,0.009668887864850557,-0.029192882714248625
-500,-600,0.24052779512567157,0.29875388787029106,0.314697265625,0.5822609274461948,1.024746046418061,0.007208432542113038,-0.024863899385998787
-400,-600,0.24191590006676011,0.3013845044599263,0.31787109375,0.5946860439316619,1.0249229464153697,0.007279237018386479,-0.015518632961644586
-300,-600,0.24262386809897762,0.3003895659023945,0.31610107421875,0.577656978034169,1.0249992786061914,0.0035430883693022257,-0.02980503676937095
-200,-600,0.23661716267612395,0.2945936437056336,0.321685791015625,0.5797648102950965,1.0243585244009397,0.005976720243440618,-0.0207039986382989
-100,-600,0.237388139295448,0.2986594949644074,0.317291259765625,0.6127135566895939,1.0244625246375763,0.004184020984736003,-0.015873667056089384
0,-600,0.23910926440966743,0.29568791983456205,0.3188934326171875,0.5657865542489461,1.0246507551769592,0.005239280724379776,-0.030660430835416093
100,-600,0.24289847561745515,0.30151285325224547,0.3173370361328125,0.5861437763479033,1.0250676392957023,0.00809583347148845,-0.020015992576880755
200,-600,0.2439694282756528,0.30385959912100446,0.3179473876953125,0.5989017084535168,1.0251423335150696,0.005565725830520194,-0.027649273060094404
300,-600,0.24202866344432156,0.30213516444276844,0.3236541748046875,0.6010650099844687,1.0249151263334417,0.004000771585835899,-0.021703688143474065
400,-600,0.2409504520952959,0.2977842661623028,0.316162109375,0.5683381406700688,1.0248584676645103,0.0065646359720652765,-0.018429817100932284
500,-600,0.2555363838307557,0.3035949593799015,0.31427001953125,0.4805857554914577,1.0265861807613028,0.007994312159698192,-0.03774564790242739
600,-600,0.252814868055445,0.2655728001610585,0.301300048828125,0.1275793210561349,1.0280012069954774,0.011172870471974065,-0.04740267867379918
700,-600,0.23036066981089143,0.17422022161918962,0.2903900146484375,-0.561404481917018,1.0314900611772992,0.01199700714525183,-0.07406911222461726
800,-600,0.14584531465306114,0.05509758889313213,0.279937744140625,-0.90747725759929,1.0266152907407253,0.009403699440880965,-0.09003051400487008
900,-600,0.02116533072145413,-0.07883466927854588,0.2797088623046875,-1.0,1.0041237681645825,3.976392927933204e-05,-0.09996023607072067
1000,-600,0.03573403329543899,-0.06426596670456101,0.2797088623046875,-1.0,1.0072330896390465,0.003825060718237199,-0.09617493928176281
1100,-600,0.0,-0.1,0.2797088623046875,-1.0,1.0,0.0,-0.1
1200,-600,0.0,-0.1,0.2797088623046875,-1.0,1.0,0.0,-0.1
-1200,-500,0.0,-0.1,0.2797088623046875,-1.0,1.0,0.0,-0.1
-1100,-500,0.006826541181354551,-0.09317345881864546,0.2797088623046875,-1.0,1.001425210430936,6.110727787336247e-05,-0.09993889272212664
-1000,-500,0.05368675562187204,-0.04548675225476431,0.2797088623046875,-0.9917350787663635,1.0102710715406533,0.003680177166843894,-0.09602028877502432
-900,-500,0.20608501188973916,0.13231642968428098,0.2835845947265625,-0.7376858220545818,1.0325013002494643,0.009062229683915483,-0.08358254511084821
-800,-500,0.25638310578869755,0.22533695535603723,0.2938385009765625,-0.3104615043266031,1.0312822437436737,0.01258698252150545,-0.06303982022977035
-700,-500,0.2858213817898226,0.32964765203610613,0.3110504150390625,0.4382627024628356,1.0300606746998482,0.010828692129008237,-0.022708028527747927
-600,-500,0.24745505686986388,0.3084102376996842,0.32342529296875,0.6095518082982028,1.0254620572845101,0.006826353739003525,-0.004500471199980278
-500,-500,0.24190016351320073,0.3000929746958056,0.3255767822265625,0.5819281118260484,1.0248686422818392,0.006260053326807481,-0.02087551356913217
-400,-500,0.24078536824251665,0.30008201789860717,0.322540283203125,0.5929664965609053,1.0247790476688476,0.005081495999672899,-0.024317217113262533
-300,-500,0.23299257797968667,0.28694753693242686,0.3188018798828125,0.5395495895274018,1.0240207140049828,0.003624935531915879,-0.031964148115743315
-200,-500,0.23424422399023415,0.29091717717417026,0.3194427490234375,0.566729531839361,1.0241611810811504,0.004263685293910661,-0.02791958517424998
-100,-500,0.23629074737230255,0.2885483466622959,0.3182525634765625,0.5225759928999334,1.0243905288724973,0.00453262032933587,-0.030568333742108544
0,-500,0.2372934876074459,0.2922136118586108,0.3134765625,0.5492012425116486,1.024482402569939,0.003477443515204037,-0.03032552963766927
100,-500,0.24134715989483294,0.30960764358686754,0.3172149658203125,0.6826048369203461,1.0249052033561257,0.009115745238307677,-0.010930848948512827
200,-500,0.24781305278492383,0.30213965584682756,0.3195343017578125,0.543266030619037,1.0255420045991033,0.006863034913327149,-0.018020479619621603
300,-500,0.24550873707741344,0.3036627197710012,0.3219451904296875,0.5815398269358775,1.025278539608955,0.006027421417350846,-0.01653193070157527
400,-500,0.24100778952165217,0.3006871771409111,0.3246307373046875,0.5967938761925893,1.0248159067737026,0.0051449325923048055,-0.0161441732430624
500,-500,0.24166085376499472,0.30389737473237877,0.3205413818359375,0.6223652096738407,1.0249204347586836,0.0067587726641797075,-0.009527005014986035
600,-500,0.25315967792551697,0.2979511134702252,0.3154449462890625,0.4479143554470823,1.026274036173069,0.007405713731466475,-0.03882237590687389
700,-500,0.25639704762766224,0.25375116344749804,0.298126220703125,-0.026458841801641892,1.0294620525640361,0.006919338026614021,-0.06012082172488365
800,-500,0.23895422065892574,0.16992271411355186,0.286285400390625,-0.6903150654537387,1.0356433364259987,0.013984803657477477,-0.07822731083109585
900,-500,0.10633366150605073,0.008563526161031856,0.2812347412109375,-0.9777013534501886,1.0195922709029182,0.0073205140529873855,-0.09237995188888082
1000,-500,0.03573403329543899,-0.06426596670456101,0.2797088623046875,-1.0,1.0072330896390465,0.003825060718237199,-0.09617493928176281
1100,-500,0.0,-0.1,0.2797088623046875,-1.0,1.0,0.0,-0.1
1200,-500,0.0,-0.1,0.2797088623046875,-1.0,1.0,0.0,-0.1
-1200,-400,0.0,-0.1,0.2797088623046875,-1.0,1.0,0.0,-0.1
-1100,-400,0.006826541181354551,-0.09317345881864546,0.2797088623046875,-1.0,1.001425210430936,6.110727787336247e-05,-0.09993889272212664
-1000,-400,0.13164288417924605,0.03802739715905523,0.2798004150390625,-0.9361548702019081,1.0231048314652615,0.004516810603306035,-0.09513927992254265
-900,-400,0.26640095196194535,0.2196015288423536,0.2884979248046875,-0.4679942311959175,1.0355314024476858,0.013511238263630487,-0.06325823145014808
-800,-400,0.2853325508206083,0.30415327413988946,0.3018035888671875,0.18820723319281119,1.0312638029064107,0.0054240846455142966,-0.050999256823311974
-700,-400,0.24588237487558967,0.31011024263684994,0.316192626953125,0.6422786776126026,1.0252924827758312,0.006879894130442615,-0.019412539861126055
-600,-400,0.24444864530236596,0.302946537470105,0.319854736328125,0.5849789216773907,1.0251278622758973,0.005171404642247733,-0.010404366380605606
-500,-400,0.24426626400517115,0.294981817588486,0.320709228515625,0.5071555358331484,1.025122778855433,0.004898996576672249,-0.025686758914785487
-400,-400,0.23705897551659894,0.29656640839878223,0.3169097900390625,0.5950743288218328,1.024413803072451,0.003940704980030646,-0.019622640926337226
-300,-400,0.2358460969407034,0.2927353802777347,0.3189544677734375,0.5688928333703128,1.0243375243618567,0.0040960920257167915,-0.030317043097424987
-200,-400,0.23674325724848796,0.28917835820255944,0.3183135986328125,0.5243510095407145,1.0244195834920604,0.005147830853731765,-0.032460334222815836
-100,-400,0.24344367913668716,0.30509777276881495,0.3169708251953125,0.616540936321278,1.0251140597745088,0.006129454162331595,-0.020562358573412803
0,-400,0.2400829854996313,0.28825249958882593,0.3177490234375,0.48169514089194587,1.02475451132091,0.00691227172476277,-0.03147246313212652
100,-400,0.2597500419778721,0.31044895478017964,0.3170013427734375,0.5069891280230752,1.0268010020876557,0.008537526549891985,-0.026419207419488985
200,-400,0.2505833894926289,0.3084933073981093,0.321197509765625,0.5790991790548037,1.025800339806799,0.00683291271648259,-0.016808090167919454
300,-400,0.2589715540509664,0.3143742609513436,0.3166656494140625,0.554027069003772,1.0266537512239842,0.008619944351329597,-0.010727737033183386
400,-400,0.2563580611185811,0.3213680455871855,0.3205718994140625,0.650099844686044,1.0263879770152409,0.0067383752694246965,-0.017290912505148193
500,-400,0.24500358965123997,0.29960199213626326,0.318878173828125,0.545984024850233,1.025251879248576,0.007276179565546374,-0.026815233791453848
600,-400,0.24060475805513612,0.2957190247513864,0.3225860595703125,0.5511426669625028,1.024759540916767,0.0033748000051793663,-0.02617922706382441
700,-400,0.2545370605363888,0.28620446679332245,0.31463623046875,0.3166740625693366,1.0269302055130036,0.01020573018684423,-0.0433997723647422
800,-400,0.24315909356694604,0.209284010363041,0.2928466796875,-0.3387508320390504,1.0307416778464162,0.012417579656008674,-0.060846232192227415
900,-400,0.17716622141945496,0.09029025070722953,0.2816009521484375,-0.8687597071222543,1.0288144182566654,0.010057892490044918,-0.08633660495836866
1000,-400,0.03573403329543899,-0.06426596670456101,0.2797088623046875,-1.0,1.0072330896390465,0.003825060718237199,-0.09617493928176281
1100,-400,0.0,-0.1,0.2797088623046875,-1.0,1.0,0.0,-0.1
1200,-400,0.0,-0.1,0.2797088623046875,-1.0,1.0,0.0,-0.1
-1200,-300,0.0,-0.1,0.2797088623046875,-1.0,1.0,0.0,-0.1
-1100,-300,0.010830240809100269,-0.08916975919089974,0.2797088623046875,-1.0,1.002240397881256,6.656685387144545e-05,-0.09993343314612856
-1000,-300,0.21363373665161883,0.1400093745482241,0.2835845947265625,-0.7362436210339472,1.0330664091669135,0.005784315653812369,-0.08581763686449251
-900,-300,0.27910431278574854,0.2557905785944905,0.2992401123046875,-0.23313734191258043,1.0329817104286119,0.020536632908832744,-0.04649243298866004
-800,-300,0.2737716802472332,0.3216194725702862,0.312408447265625,0.4784779232305303,1.0284648938243317,0.010757815432399984,-0.027993016606650382
-700,-300,0.24921046612725134,0.2981343622887779,0.32275390625,0.48923896161526514,1.0256143220079252,0.0066494175211306746,-0.02443556140054672
-600,-300,0.24267739804077276,0.3016190443687071,0.318878173828125,0.5894164632793433,1.0249812854996225,0.0053286720224761126,-0.026222248767406295
-500,-300,0.23880405971609814,0.29510536879087074,0.31805419921875,0.5630130907477258,1.0246015220359121,0.004194069937343408,-0.022619775192454686
-400,-300,0.24329643895025088,0.2993814178719283,0.3177032470703125,0.5608497892167739,1.025047894208827,0.004894841052904857,-0.027809840553485204
-300,-300,0.2501769940815807,0.30716057517765344,0.3195343017578125,0.5698358109607278,1.0257807998799913,0.006573546904469228,-0.025765037519759754
-200,-300,0.24763626708108405,0.2994223775758699,0.3167877197265625,0.5178611049478589,1.025480517727094,0.008353769596409611,-0.02782328831350829
-100,-300,0.24286760397121385,0.30073314646067467,0.3214263916015625,0.5786554248946084,1.0250304371730015,0.004698908435428991,-0.02904859544741991
0,-300,0.2399731287762638,0.29280206154750854,0.3147125244140625,0.5282893277124473,1.0247634469659483,0.0059221464224327,-0.025939402279586386
100,-300,0.2515922330190295,0.2934715318874564,0.31494140625,0.4187929886842689,1.025908229415831,0.008084989396285347,-0.03209694980939471
200,-300,0.2543291766179075,0.309798446642314,0.315032958984375,0.5546927002440648,1.026165668197333,0.010245488218343146,-0.011920032083409682
300,-300,0.2507227787495161,0.30134403457378944,0.320159912109375,0.5062125582427335,1.0257818449098979,0.0075743318276582875,-0.016632457610992704
400,-300,0.24420466457831014,0.29166971893819477,0.31744384765625,0.47465054359884623,1.0251172287112547,0.007954201649940963,-0.020357313770516104
500,-300,0.2392010133049568,0.2957796687298514,0.318328857421875,0.5657865542489461,1.024640119196535,0.004595417826400005,-0.02610127620510654
600,-300,0.24398225614592967,0.30448258896154984,0.322296142578125,0.6050033281562015,1.02510799852613,0.0051350682166975735,-0.012526347359073452
700,-300,0.2527271640970552,0.30955543123705964,0.316741943359375,0.5682826714000444,1.0260764540948284,0.005408024288406369,-0.027074780237886068
800,-300,0.26185977520771286,0.2594135803996365,0.3021697998046875,-0.024461948080763258,1.0297333192827605,0.008504676965704762,-0.04729740867884815
900,-300,0.21580891130622315,0.14754288068718607,0.2863311767578125,-0.6826603061903705,1.0305074662770857,0.009466959884178429,-0.08004934808120875
1000,-300,0.08151819051275434,-0.018348683239187077,0.280303955078125,-0.9986687375194142,1.0160977982309773,0.006614575061426493,-0.09338542493857352
1100,-300,0.0,-0.1,0.2797088623046875,-1.0,1.0,0.0,-0.1
1200,-300,0.0,-0.1,0.2797088623046875,-1.0,1.0,0.0,-0.1
-1200,-200,0.0,-0.1,0.2797088623046875,-1.0,1.0,0.0,-0.1
-1100,-200,0.02064609996546964,-0.07935390003453037,0.2797393798828125,-1.0,1.0042474535468728,0.001775962362847763,-0.09822403763715225
-1000,-200,0.22999386882692616,0.17458561499954653,0.2875518798828125,-0.5540825382737963,1.032532794908423,0.006947204491595465,-0.07752139990157073
-900,-200,0.291820325155122,0.2964298214941502,0.302520751953125,0.04609496339028178,1.0325496186921532,0.014771554723731256,-0.03556126089641519
-800,-200,0.2450701559156529,0.3012549795233742,0.3171844482421875,0.5618482360772132,1.0252183591516886,0.005285223488592507,-0.019809074270448986
-700,-200,0.25115309370292854,0.3093237171775236,0.3154144287109375,0.5817062347459507,1.0258320808789985,0.005082536427412414,-0.015352342649578934
-600,-200,0.24636716706699924,0.30488170001574566,0.3200531005859375,0.5851453294874639,1.0253839621133745,0.0033609474148803145,-0.023430710006908016
-500,-200,0.24219494510220144,0.30069838419694295,0.320159912109375,0.5850343909474152,1.0249659150867285,0.0077163486960593886,-0.0228361252333837
-400,-200,0.24632104043938072,0.2985231704593497,0.3193359375,0.5220213001996894,1.0253461781346884,0.007934641700090067,-0.02663380737912005
-300,-200,0.24105571171477838,0.2984996877520537,0.3216705322265625,0.5744397603727535,1.0247919336733673,0.005853730275063131,-0.018408528433612265
-200,-200,0.24879203538894845,0.30348473563301326,0.319366455078125,0.5469270024406478,1.0255930211290587,0.008012579379186442,-0.016682339635679326
-100,-200,0.24302935128435324,0.30550439011284225,0.3257293701171875,0.6247503882848902,1.0250454775608986,0.006870684442626397,-0.009048996054378266
0,-200,0.23989495999967153,0.3002788073482404,0.319549560546875,0.603838473485689,1.0247369556956685,0.004103452266872936,-0.02724777915092161
100,-200,0.25026443079126515,0.2961874394444713,0.3186492919921875,0.45923008653206127,1.0257211930230008,0.004414858507953264,-0.027934819770280596
200,-200,0.24422422677934402,0.28594266476470015,0.3160247802734375,0.4171843798535611,1.0250901704180369,0.0042674576433282445,-0.02799346980286657
300,-200,0.2532306878881937,0.2989207256072973,0.31500244140625,0.45690037719103616,1.02611264150778,0.003945505411945348,-0.037234880654174025
400,-200,0.24264309502768683,0.3029603792522264,0.319854736328125,0.603172842245396,1.0250735962698188,0.0065507069004827724,-0.017123577545933914
500,-200,0.24172489678450582,0.2992354359458105,0.3187408447265625,0.5751053916130464,1.0249484337573305,0.0044060670112305205,-0.03047300998011627
600,-200,0.24696360626063252,0.3016507595776949,0.320587158203125,0.5468715331706234,1.0254648390629424,0.006729536139160027,-0.030312842383138625
700,-200,0.24510186071338272,0.2997279978334182,0.314361572265625,0.546261371200355,1.0252965182582763,0.00685216950028777,-0.020083708023564018
800,-200,0.2656875247248513,0.2830216716074783,0.3094329833984375,0.17334146882627025,1.02859488264788,0.00909878652571057,-0.046902988490930206
900,-200,0.2527139003878113,0.2048716549917607,0.2919769287109375,-0.47842245396050587,1.0331009343793969,0.028574133267845265,-0.053808826572403254
1000,-200,0.13700753505575008,0.038699347791494476,0.282684326171875,-0.983081872642556,1.0258166679828093,0.009740993191420116,-0.08952681244425771
1100,-200,0.0,-0.1,0.2797088623046875,-1.0,1.0,0.0,-0.1
1200,-200,0.0,-0.1,0.2797088623046875,-1.0,1.0,0.0,-0.1
-1200,-100,0.0,-0.1,0.2797088623046875,-1.0,1.0,0.0,-0.1
-1100,-100,0.048115430983490984,-0.05178472433046509,0.2799224853515625,-0.9990015531395607,1.0098635330053143,0.004485766773284464,-0.09544767010268626
-1000,-100,0.24793957343827605,0.20709200299230313,0.292938232421875,-0.4084757044597293,1.0339823557078895,0.007962275261893734,-0.06780874759144552
-900,-100,0.28710873428940986,0.31366187385009325,0.30828857421875,0.2655313956068338,1.0313641961697506,0.010392931732367317,-0.032262936916401266
-800,-100,0.24376650303895642,0.30463293303673766,0.3196258544921875,0.6086642999778122,1.0251023442682798,0.0038700122678579792,-0.022000855271525205
-700,-100,0.24795315275371166,0.30272905690281304,0.3199615478515625,0.547759041491014,1.0254737333230655,0.005354078628247641,-0.02209211617982868
-600,-100,0.2487724118805711,0.3016401731408329,0.318145751953125,0.5286776126026181,1.0255940076070316,0.007179713481955704,-0.030827830338767622
-500,-100,0.24641660118251169,0.3062402089038341,0.32061767578125,0.5982360772132239,1.025342084948507,0.005886639025206707,-0.018397807391478452
-400,-100,0.25074991431075266,0.2983924703347154,0.3198699951171875,0.47642556023962723,1.025793327825168,0.005442033816615113,-0.028704848810409515
-300,-100,0.24597486892152493,0.30209867633221943,0.3163604736328125,0.5612380741069447,1.025321090634939,0.0046547533132590075,-0.020672515379884994
-200,-100,0.2573865499774117,0.31373223446820386,0.31439208984375,0.563456844907921,1.0265375921111357,0.009050884538901387,-0.025750535474411234
-100,-100,0.25039719291538215,0.3079521074927063,0.32073974609375,0.5755491457732417,1.0257837657862534,0.005598757113829348,-0.02560825420190174
0,-100,0.2511343967834527,0.31050870341757736,0.3226318359375,0.593743066341247,1.0258220733446954,0.005839303875173195,-0.01515581482906466
100,-100,0.2474106687479138,0.3070956032941752,0.324249267578125,0.5968493454626137,1.0254017206290025,0.005012078383896254,-0.016532186093583225
200,-100,0.25810148936911537,0.3015394747252281,0.3172149658203125,0.4343798535611271,1.0266197484953237,0.013475711477861033,-0.01616706642318179
300,-100,0.2435256184973276,0.3004426364693711,0.3163909912109375,0.5691701797204349,1.0252014338289963,0.0076896651405926,-0.027855043091047076
400,-100,0.24323674670579448,0.3039534096745098,0.3152313232421875,0.6071666296871533,1.025204782652931,0.004919916518365037,-0.027607263423946923
500,-100,0.239322202994904,0.2965997712221061,0.3188323974609375,0.5727756822720212,1.0246931596137352,0.0044331554205813365,-0.026818231311169276
600,-100,0.2441771252937971,0.2990195925669278,0.3197174072265625,0.5484246727313069,1.025170065920117,0.00436359588937536,-0.028041551658882908
700,-100,0.23741363711876945,0.29145179997654624,0.317474365234375,0.540381628577768,1.0244898653473244,0.0041460425409858325,-0.02778206928506254
800,-100,0.2540431173688296,0.29254433769277016,0.313079833984375,0.3850122032394054,1.0268116055265737,0.008838382882733663,-0.023089728943314708
900,-100,0.2429276306879784,0.21672949445545123,0.30072021484375,-0.2619813623252718,1.030855941465216,0.00630485220971299,-0.05767340383643744
1000,-100,0.1664268163692873,0.07466400296791165,0.2824554443359375,-0.9176281340137564,1.0302460412380923,0.00852024376898124,-0.08791862909545187
1100,-100,0.0,-0.1,0.2797088623046875,-1.0,1.0,0.0,-0.1
1200,-100,0.0,-0.1,0.2797088623046875,-1.0,1.0,0.0,-0.1
-1200,0,0.0,-0.1,0.2797088623046875,-1.0,1.0,0.0,-0.1
-1100,0,0.06491210866882557,-0.03428913384282298,0.2800445556640625,-0.9920124251164855,1.013164352262835,0.003711825633339775,-0.09594426489250892
-1000,0,0.25472285931580063,0.21648789148797726,0.293487548828125,-0.38234967827823385,1.0344371343572505,0.007640639047821833,-0.06717631236109763
-900,0,0.2771981485607022,0.3047774696168371,0.311492919921875,0.27579321056134903,1.0299920029750214,0.01299636732313975,-0.03785785943523612
-800,0,0.23744937351437434,0.296130314273194,0.3189697265625,0.5868094075881961,1.0244406331573463,0.003398360699194687,-0.026599420530004334
-700,0,0.252133352621308,0.30126803200892727,0.3170623779296875,0.49134679387619257,1.0259210305218947,0.00875834519293075,-0.016480172668174198
-600,0,0.2510166573657734,0.30924275011039287,0.3184356689453125,0.5822609274461948,1.0258138395388765,0.012521818845687,-0.010464646652427047
-500,0,0.24808055335081433,0.30205215308456185,0.31787109375,0.539715997337475,1.025504537829972,0.005452560199992384,-0.028084160456763776
-400,0,0.24507335762049617,0.3001044204117098,0.3192596435546875,0.5503106279121367,1.0252271205585777,0.005138925331038065,-0.026090273692702788
-300,0,0.24734815743888963,0.2982855881023021,0.3182525634765625,0.5093743066341246,1.025522214406645,0.007070209713895537,-0.028984815801968673
-200,0,0.2411583039307657,0.2961782728679745,0.3185272216796875,0.5501996893720879,1.0248657051340015,0.0064899102775144235,-0.024983353534333813
-100,0,0.25091978729939235,0.3047749015660886,0.3252105712890625,0.5385511426669625,1.0258154495567924,0.005120200217032167,-0.026696973068967386
0,0,0.4429905297070451,0.5361733564210456,0.33056640625,0.9318282671400044,1.0463931107651234,0.192370914238271,0.2570924585027485
100,0,0.25325114468284216,0.31332991104627683,0.3195953369140625,0.6007876636343465,1.0260491280324031,0.006560651143789898,-0.023426036231404247
200,0,0.24121378898097467,0.29983371354276744,0.3167572021484375,0.5861992456179277,1.0249101302670238,0.003692645220035136,-0.027081705789505577
300,0,0.23320039082023508,0.2878653564292877,0.3170166015625,0.5466496560905258,1.0241557711142788,0.007771745008638645,-0.037047425171081796
400,0,0.2389657371959504,0.297835273472853,0.3160400390625,0.588695362769026,1.024765933417728,0.007154946265546165,-0.025250201282712104
500,0,0.2391999127720417,0.2992232098654519,0.318023681640625,0.6002329709341025,1.0247025196788515,0.0064932795077123,-0.024824670348067596
600,0,0.23986080803992385,0.2973214248582065,0.31988525390625,0.5746061681828267,1.0247152691337995,0.009379546613153501,-0.013196446286779935
700,0,0.2376759090680201,0.29792663016853044,0.320098876953125,0.6025072110051032,1.0245041231328327,0.004309138351541071,-0.02368065530277444
800,0,0.25099015806099323,0.2886371516265579,0.316314697265625,0.3764699356556468,1.026264142202145,0.007655473587766944,-0.03321428456621575
900,0,0.24755331287300109,0.23143394300390857,0.3017425537109375,-0.16119369869092523,1.031082467973293,0.009117330356558822,-0.05147730021810281
1000,0,0.17022676265994738,0.07804238280638624,0.283843994140625,-0.9218437985356113,1.0302445314282882,0.01137270790535556,-0.08664149222777069
1100,0,0.0,-0.1,0.2797088623046875,-1.0,1.0,0.0,-0.1
1200,0,0.0,-0.1,0.2797088623046875,-1.0,1.0,0.0,-0.1
-1200,100,0.0,-0.1,0.2797088623046875,-1.0,1.0,0.0,-0.1
-1100,100,0.05690388203744948,-0.0418092308979843,0.280029296875,-0.9871311293543377,1.0116155673236669,0.0034643007909059163,-0.09587006796880122
-1000,100,0.2507088234262632,0.21277893658357405,0.2961883544921875,-0.3792988684268915,1.0340943624937957,0.005682236510583738,-0.06560686932478348
-900,100,0.2780308271829155,0.311395593102596,0.3085784912109375,0.33364765919680495,1.0302240638326747,0.010132784930628663,-0.02979399563293912
-800,100,0.23609078085252663,0.29551500982967327,0.321136474609375,0.5942422897714666,1.0243082017728624,0.0026671587735258035,-0.025444667274843402
-700,100,0.24480886225324516,0.29330564503558376,0.3165740966796875,0.4849678278233858,1.0251616759409847,0.004165190779838715,-0.032810624618430644
-600,100,0.25925431326436865,0.30385160636399144,0.3189239501953125,0.4459729309962281,1.0266723851711381,0.01682416998319511,-0.012951734165906288
-500,100,0.25275268870215517,0.31523327445764665,0.3202972412109375,0.6248058575549146,1.0259969129984974,0.012511334932703603,-0.002110364645729945
-400,100,0.23838879230265367,0.29598253536899494,0.32073974609375,0.5759374306634125,1.0245293322904576,0.004411187572910856,-0.024111111073638954
-300,100,0.24790488259024857,0.3034906380817063,0.31610107421875,0.5558575549145773,1.025619829137023,0.005862675190989293,-0.02488948811054166
-200,100,0.24572451919052976,0.2965343705328861,0.318634033203125,0.5080985134235634,1.025405110683283,0.00938973053413698,-0.030370642219357587
-100,100,0.24380711865532786,0.2957873715951992,0.3167266845703125,0.5198025293987131,1.02513384873872,0.006653504098364926,-0.03261873907891486
0,100,0.25231898071061115,0.3096963936238572,0.3166656494140625,0.5737741291324606,1.0259635158737521,0.0055410260725209,-0.019492255489493744
100,100,0.24918079824006875,0.30042885681561793,0.318359375,0.5124805857554915,1.0256566314616091,0.00678165258654561,-0.026954757442298416
200,100,0.2408330966081473,0.29664627610670513,0.32269287109375,0.558131794985578,1.0248528352603699,0.00530951373587994,-0.030013317415662107
300,100,0.23550984908102165,0.2949507188391756,0.3192138671875,0.5944086975815398,1.0243654106348876,0.003348823624753663,-0.03594560726053589
400,100,0.23451325385630462,0.29849150990245504,0.31744384765625,0.6397825604615043,1.0242803038592097,0.007138414749348886,-0.020329967766737206
500,100,0.24604151727746856,0.29985225612814526,0.317108154296875,0.5381073885067672,1.025424011048618,0.006389459573208707,-0.030320103328943502
600,100,0.24447297074327898,0.29293092503660045,0.31890869140625,0.484579542933215,1.0252090649514727,0.010415974143935046,-0.03070894265215992
700,100,0.23843355690928827,0.29333149345244336,0.3216094970703125,0.5489793654315509,1.02457730381595,0.006055484868881337,-0.02862390275037759
800,100,0.24245255494071422,0.2770487386549365,0.3152008056640625,0.3459618371422232,1.0254675747509319,0.007060807435501965,-0.034918336118968864
900,100,0.24513960782087454,0.22965258763006025,0.3017120361328125,-0.15487020190814288,1.0309550229803175,0.013082163625233453,-0.04916545119615551
1000,100,0.1591422849797387,0.06530492087945025,0.28125,-0.9383736410028845,1.0285657631299143,0.010429187163236993,-0.08741860515981603
1100,100,0.0,-0.1,0.2797088623046875,-1.0,1.0,0.0,-0.1
1200,100,0.0,-0.1,0.2797088623046875,-1.0,1.0,0.0,-0.1
-1200,200,0.0,-0.1,0.2797088623046875,-1.0,1.0,0.0,-0.1
-1100,200,0.032517933111408846,-0.06748206688859115,0.2799530029296875,-1.0,1.0066736753029684,0.002075446882181497,-0.0979245531178185
-1000,200,0.2503206262514349,0.2034712807888212,0.2900238037109375,-0.4684934546261371,1.034774450782063,0.008116687829275378,-0.06905216062867892
-900,200,0.28335370122069564,0.30323943452444535,0.3087615966796875,0.19885733303749722,1.0311717949120034,0.01008126381643205,-0.03523712979350804
-800,200,0.23868532098470396,0.2961237500949769,0.32208251953125,0.574384291102729,1.0245433312434893,0.0058657676593981455,-0.013637227681183174
-700,200,0.2414636030775773,0.2907757841292747,0.320037841796875,0.4931218105169736,1.0248353393521734,0.004547184984278125,-0.0335158281064696
-600,200,0.23828807557937937,0.2880051823022549,0.319244384765625,0.49717106722875526,1.024512362794756,0.004582625045259103,-0.03249303503905419
-500,200,0.23834103466120404,0.29386577395563496,0.317169189453125,0.5552473929443088,1.0245674467479389,0.003852524142963745,-0.0285637172592994
-400,200,0.24229400191473843,0.29799624287324744,0.3196868896484375,0.5570224095850899,1.024983657750784,0.004077060507251962,-0.026087128532020283
-300,200,0.24622347398779593,0.3025802523325929,0.316314697265625,0.5635677834479699,1.0254383395797222,0.004531820502594776,-0.03223321166958184
-200,200,0.2456971005266766,0.3005839432158268,0.3179931640625,0.5488684268915021,1.0253678488992426,0.010101097018411491,-0.027740038992238612
-100,200,0.24498247075715424,0.30120612285389264,0.318450927734375,0.5622365209673841,1.0252308758085058,0.007630555217967108,-0.022167536639144052
0,200,0.24682185396799608,0.2892891270986817,0.319061279296875,0.424672731306856,1.0254338324066221,0.009086357000527153,-0.02959791191449393
100,200,0.2462987678386674,0.2983899593185875,0.3191986083984375,0.5209119147992013,1.0254037874963742,0.006691754089789736,-0.023694312029580136
200,200,0.24580978869068415,0.303814004355206,0.3202667236328125,0.5800421566452185,1.0254050235777368,0.005452948170210421,-0.020939330507402182
300,200,0.24581054448770157,0.30501844331175304,0.317718505859375,0.5920789882405147,1.025401158988315,0.004366723844012356,-0.029880003469056206
400,200,0.23860815691811077,0.30309673024848577,0.31585693359375,0.6448857333037498,1.0247010077735366,0.004894671213812113,-0.03539820653191676
500,200,0.2462556757437899,0.3100453362718574,0.3158416748046875,0.6378966052806745,1.0254191231831704,0.006002737181715634,-0.025925374644332738
600,200,0.24272248756414277,0.30562463977181975,0.31640625,0.6290215220767694,1.02504308176558,0.0103727023406631,-0.008808571233776662
700,200,0.2326304486262877,0.28847690968686013,0.3174896240234375,0.5584646106057244,1.0239834653252253,0.0035557875006803877,-0.029570460557895164
800,200,0.24173103883235378,0.26463430042543123,0.3050537109375,0.22903261593077434,1.025977835710032,0.0072664154150128705,-0.04592861453839295
900,200,0.22884870017196937,0.2029667387785813,0.2941131591796875,-0.25881961393388064,1.0297568402061492,0.010543653598254241,-0.06212109013371826
1000,200,0.12333472427486349,0.027284136300601225,0.280548095703125,-0.9605058797426226,1.0231120227480728,0.008454387778929226,-0.09065810390068028
1100,200,0.0,-0.1,0.2797088623046875,-1.0,1.0,0.0,-0.1
1200,200,0.0,-0.1,0.2797088623046875,-1.0,1.0,0.0,-0.1
-1200,300,0.0,-0.1,0.2797088623046875,-1.0,1.0,0.0,-0.1
-1100,300,0.015634827845252584,-0.08436517215474743,0.2797088623046875,-1.0,1.0032280860205598,0.0009633221956077977,-0.09903667780439221
-1000,300,0.2102312523329366,0.14806129448958183,0.282623291015625,-0.6216995784335478,1.0311559047423533,0.010043816443725572,-0.08085922327227177
-900,300,0.29183845097248534,0.29868890582049956,0.3023681640625,0.06850454848014201,1.0335913418195384,0.011282017199158193,-0.04467538240146307
-800,300,0.24526846628535634,0.3008431279228092,0.3129425048828125,0.5557466163745285,1.0252865555042383,0.008609084057164516,-0.01487660487116919
-700,300,0.2387345753366081,0.28767511227914194,0.31658935546875,0.48940536942533835,1.0245620160062427,0.0047367223812420575,-0.033703481745671636
-600,300,0.2424395655374792,0.2960672557970754,0.3153228759765625,0.5362769025959618,1.0249588424795224,0.005435717627867303,-0.02771271813871801
-500,300,0.23906538858758725,0.2939411374227326,0.3202056884765625,0.5487574883514533,1.024638201523875,0.004653318950432103,-0.03195639926567617
-400,300,0.24019842393222457,0.29668832852508015,0.3165283203125,0.5648990459285556,1.024781231747878,0.00571779727253155,-0.027452826202063525
-300,300,0.24491073569686966,0.3014117341437301,0.312896728515625,0.5650099844686044,1.0252888267763185,0.006346986777214749,-0.02770005116376595
-200,300,0.2557821130904322,0.3066030582867934,0.316162109375,0.5082094519636121,1.0264103458348652,0.012304930440829606,-0.028409513757084753
-100,300,0.24407314232963492,0.30147828987789316,0.318450927734375,0.5740514754825826,1.0251418822968517,0.005332222293249484,-0.02091583628229966
0,300,0.24486149564771922,0.3033316531804461,0.3199920654296875,0.5847015753272687,1.0252306324421543,0.006093579389031215,-0.012788160127276751
100,300,0.2422933818158441,0.30630491942400917,0.319549560546875,0.6401153760816508,1.0249801982829578,0.006762346777340805,-0.010710473280347237
200,300,0.2474401668531588,0.3016114559589942,0.3165283203125,0.5417128910583536,1.0255221843298055,0.005678334272789369,-0.029699966148777082
300,300,0.26034929624583963,0.3206832212513866,0.3180694580078125,0.6033392500554693,1.0268756234948369,0.005807357029317129,-0.020074604364070936
400,300,0.23529217293750687,0.295187890709861,0.318511962890625,0.5989571777235412,1.0242795487741663,0.005078369580027681,-0.02922382700306528
500,300,0.2426094609060208,0.30523426676357573,0.319183349609375,0.6262480585755491,1.0250141630570733,0.0056296101622643705,-0.0226819052581927
600,300,0.2345858086027478,0.29800382502165174,0.318267822265625,0.6341801641890392,1.0241783586530921,0.004038114233738617,-0.025327317317182175
700,300,0.2343295243981223,0.2891442570362408,0.3152313232421875,0.5481473263811848,1.0241961741412615,0.002752556687510112,-0.03625343399365252
800,300,0.25486260886098755,0.26471395121732216,0.3021697998046875,0.0985134235633459,1.0282723964210847,0.006416920483882291,-0.058360093050619594
900,300,0.21451933486765698,0.1706764238403661,0.2866058349609375,-0.4384291102729088,1.0291868552381453,0.005712199706454914,-0.07537277921522248
1000,300,0.09468664027327622,-0.004558977654391852,0.2797088623046875,-0.9924561792766807,1.0183863245889737,0.007956737803133494,-0.09204326219686651
1100,300,0.0,-0.1,0.2797088623046875,-1.0,1.0,0.0,-0.1
1200,300,0.0,-0.1,0.2797088623046875,-1.0,1.0,0.0,-0.1
-1200,400,0.0,-0.1,0.2797088623046875,-1.0,1.0,0.0,-0.1
-1100,400,0.006826541181354551,-0.09317345881864546,0.2797088623046875,-1.0,1.001425210430936,6.110727787336247e-05,-0.09993889272212664
-1000,400,0.16158425800768894,0.07572337493691014,0.280120849609375,-0.8586088307077879,1.0272164389200114,0.005933478992972881,-0.09229150436624613
-900,400,0.269318209749009,0.2447453231281969,0.295318603515625,-0.2457288662081207,1.0341159380512812,0.017231705321797547,-0.05776274775120001
-800,400,0.2533420968060447,0.2916436277578974,0.3122406005859375,0.38301530951852675,1.026935627014764,0.0067910363583597155,-0.028997736661387344
-700,400,0.23588064169198028,0.29413446907161195,0.3183746337890625,0.5825382737963168,1.0242697532115386,0.004758650772088679,-0.02826775260044294
-600,400,0.23669064435815002,0.2935521930601691,0.32012939453125,0.5686154870201908,1.0243507102571285,0.004115825446704212,-0.028422448349612633
-500,400,0.24312455180005502,0.29770076657706857,0.3207550048828125,0.5457621477701353,1.0250299199297197,0.004876546199497922,-0.025997649496086725
-400,400,0.2423466744306021,0.2923522213576045,0.318695068359375,0.5000554692700244,1.0249795706985139,0.009918409253210355,-0.03148385389300665
-300,400,0.24352033670605255,0.3002653999410204,0.3227691650390625,0.5674506323496783,1.0251147288162543,0.006537253714121489,-0.01821313457076868
-200,400,0.25115400736193605,0.30603530312408384,0.3203125,0.5488129576214777,1.0259308084441636,0.013351702550305676,-0.017533586999283854
-100,400,0.244098683829016,0.3003445236337642,0.320648193359375,0.5624583980474817,1.0251479019426657,0.010082355899723302,-0.0284687867672392
0,400,0.24395776624387833,0.296232006314879,0.316680908203125,0.5227424007100067,1.0251433582771825,0.005186331646758996,-0.03429669475661354
100,400,0.24312285577558862,0.3009939451920519,0.3202362060546875,0.5787108941646328,1.0250324785505698,0.007928528083939793,-0.02577460038288958
200,400,0.24660134603151418,0.30474423487109703,0.323272705078125,0.5814288883958287,1.0253926304725827,0.005535790768708718,-0.02736858020976921
300,400,0.2475302210566028,0.3022007335926578,0.326324462890625,0.5467051253605503,1.0254701496454295,0.003436130203671817,-0.018840328638129823
400,400,0.24228595810115072,0.3017656563483218,0.31982421875,0.5947969824717106,1.02494664213624,0.0037108792310659167,-0.024445322233322814
500,400,0.24242523878596667,0.3043844134032287,0.3206787109375,0.6195917461726204,1.0249402586987757,0.006963495049702594,-0.02041613663434445
600,400,0.23753048326146634,0.30075990416228726,0.318389892578125,0.6322942090082094,1.0244670705389685,0.00476388571359367,-0.024634827399341763
700,400,0.24198750509936862,0.28588033846968147,0.3111572265625,0.43892833370312845,1.0252163880602883,0.007388872240100118,-0.040825017265114
800,400,0.2443089614014003,0.23800210539962527,0.2959747314453125,-0.06306856001775017,1.0288899954794481,0.006925960213404759,-0.05755151926296534
900,400,0.21696832041588587,0.14184074109482975,0.2819671630859375,-0.7512757932105614,1.0326598248904417,0.034597913807627514,-0.0590453078475755
1000,400,0.054117909844931686,-0.04588209015506832,0.2797088623046875,-1.0,1.010699288967701,0.003988301633478719,-0.09601169836652129
1100,400,0.0,-0.1,0.2797088623046875,-1.0,1.0,0.0,-0.1
1200,400,0.0,-0.1,0.2797088623046875,-1.0,1.0,0.0,-0.1
-1200,500,0.0,-0.1,0.2797088623046875,-1.0,1.0,0.0,-0.1
-1100,500,0.006826541181354551,-0.09317345881864546,0.2797088623046875,-1.0,1.001425210430936,6.110727787336247e-05,-0.09993889272212664
-1000,500,0.09515775890515149,-0.002523625607828317,0.27978515625,-0.9768138451297981,1.017722245983974,0.005228814073153629,-0.09468243509480732
-900,500,0.2278143787775423,0.16941633129584716,0.286773681640625,-0.5839804748169514,1.0333695297922045,0.01207257056572065,-0.07526934201470979
-800,500,0.2586522311649518,0.27857124603071615,0.30364990234375,0.19919014865764367,1.0300320893278982,0.013012323726276538,-0.03470234234871792
-700,500,0.24392391022182558,0.2987996590569709,0.3121490478515625,0.5487574883514533,1.0252878492428608,0.009654795733002573,-0.024658494704095275
-600,500,0.23552378225389162,0.2962959144926314,0.317230224609375,0.6077213223873974,1.0242626640958208,0.0035847287628196075,-0.023550838133120044
-500,500,0.2365560552890798,0.29700091883467555,0.318206787109375,0.6044486354559574,1.024335318309263,0.005459169150921558,-0.017660422595251066
-400,500,0.24152107788110982,0.29278023031066386,0.3199005126953125,0.5125915242955402,1.0248488417612898,0.005083867020137665,-0.026533616893774026
-300,500,0.2442940194745537,0.30217065581801944,0.3148040771484375,0.5787663634346571,1.0251647886897595,0.004581621449471276,-0.0240183341751127
-200,500,0.24520563913738666,0.30609425684317765,0.31829833984375,0.6088861770579099,1.025259451259666,0.0060207044290065195,-0.019705943008313208
-100,500,0.24502867913863036,0.3052794002391407,0.3185272216796875,0.6025072110051032,1.0252348813384604,0.005786959193259473,-0.021992051234963297
0,500,0.23996847033041002,0.2924701344085108,0.3225860595703125,0.5250166407810073,1.0246800108107712,0.003731972963686265,-0.02447969777072687
100,500,0.23941621674847394,0.297259571529925,0.3207244873046875,0.5784335478145107,1.0246182828472634,0.0047284300344676,-0.016771459026992352
200,500,0.23700440240423676,0.29176921269933326,0.3187713623046875,0.5476481029509651,1.02438984657898,0.003249691563985694,-0.025838393636813065
300,500,0.2446672648131913,0.3067928472405266,0.321685791015625,0.6212558242733526,1.0251749549550073,0.0037419388529622956,-0.019854688615420224
400,500,0.24514245616837094,0.29801021742863276,0.32037353515625,0.5286776126026181,1.0252108564837492,0.0035748644283611765,-0.025590877750471752
500,500,0.2396697740197518,0.29787922598336397,0.322845458984375,0.5820945196361216,1.0246286186895326,0.0032813302328960217,-0.01615510198365601
600,500,0.24089209145885165,0.2968772256944851,0.3197174072265625,0.5598513423563346,1.0248008758938343,0.004827542521726673,-0.024182885701037916
700,500,0.2573364546122228,0.27494240091796945,0.304718017578125,0.17605946305746617,1.0283860835438137,0.007427478768871447,-0.0340080659393602
800,500,0.2293341469069794,0.19621899270240872,0.2890167236328125,-0.3311515420457067,1.031560501980708,0.01351679577987426,-0.06609270055915392
900,500,0.13010866159165185,0.03354220940616261,0.280609130859375,-0.9656645218548924,1.0226911235620921,0.006276123946492039,-0.09314699564525414
1000,500,0.03872896409555289,-0.061271035904447116,0.2797088623046875,-1.0,1.0078090462399565,0.004873540448174691,-0.09512645955182532
1100,500,0.0,-0.1,0.2797088623046875,-1.0,1.0,0.0,-0.1
1200,500,0.0,-0.1,0.2797088623046875,-1.0,1.0,0.0,-0.1
-1200,600,0.0,-0.1,0.2797088623046875,-1.0,1.0,0.0,-0.1
-1100,600,0.006826541181354551,-0.09317345881864546,0.2797088623046875,-1.0,1.001425210430936,6.110727787336247e-05,-0.09993889272212664
-1000,600,0.023822588366524455,-0.07617741163347555,0.2797088623046875,-1.0,1.0046295011895923,0.0009604868668086058,-0.0990395131331914
-900,600,0.15426437447404065,0.06563002790204153,0.28009033203125,-0.8863434657199911,1.0271912892414135,0.010395686104319976,-0.08882774411533834
-800,600,0.23575033201363735,0.20145922928454926,0.288604736328125,-0.34291102729088085,1.0320545574498456,0.011532672619885637,-0.06731134779280575
-700,600,0.26269973104716887,0.2981945169357866,0.30413818359375,0.3549478588861771,1.0288010712278197,0.01482332787194171,-0.02610189955206539
-600,600,0.24563492894184322,0.3009544319371838,0.3163299560546875,0.5531950299534059,1.0254083885138419,0.006381444734468023,-0.024381812421067815
-500,600,0.23868060841663172,0.2936894834998356,0.3177947998046875,0.550088750832039,1.0245762290150173,0.0031367745995170915,-0.030477603035273235
-400,600,0.2419965286284861,0.2956353127420872,0.3166961669921875,0.5363878411360107,1.0248655543355307,0.0046850398798376405,-0.025823058633585923
-300,600,0.2463240307711567,0.3048829391359226,0.3191986083984375,0.5855890836476592,1.0253136818725657,0.004370192825689774,-0.02031363233517111
-200,600,0.24123222005461603,0.3010280931409262,0.31951904296875,0.5979587308631018,1.0247909803660156,0.0074948939749040575,-0.016456736821634663
-100,600,0.2431880616515631,0.30351643973010756,0.3170928955078125,0.6032837807854449,1.025059415725778,0.004684138874247343,-0.03033915821916291
0,600,0.2392484146579666,0.29731919344651775,0.3167266845703125,0.5807077878855115,1.0246368947147861,0.006272869015262949,-0.019720030918173925
100,600,0.24120402207622738,0.2980988523402611,0.32080078125,0.5689483026403372,1.024823289059789,0.0037332178816637885,-0.020861856447158048
200,600,0.24539189113993926,0.3061529295246741,0.3238677978515625,0.6076103838473486,1.025267690997835,0.006505116052970945,-0.012687251375473697
300,600,0.241731650304919,0.2960582533668227,0.32232666015625,0.543266030619037,1.0248581348774382,0.0052007920963085,-0.0238651053964805
400,600,0.24093471893039553,0.2996933166672493,0.3178253173828125,0.5875859773685378,1.0247586784918452,0.004761457600475661,-0.023450213133937477
500,600,0.23764084342414601,0.293481757557716,0.316802978515625,0.5584091413357001,1.024424547127686,0.003701884900994467,-0.02317852335283292
600,600,0.24832110547558695,0.2843816779184536,0.3091278076171875,0.3606057244286665,1.0264549078987693,0.005280380726260138,-0.032427629036331396
700,600,0.23797732601632368,0.22012176799546723,0.2927093505859375,-0.17855558020856446,1.0299799519417254,0.007617342846193705,-0.06158611843625581
800,600,0.18922041921829735,0.11298345449675308,0.2836151123046875,-0.7623696472154426,1.0319578729246706,0.005930180061493931,-0.08703631649941133
900,600,0.03887921733702191,-0.061120782662978095,0.2797088623046875,-1.0,1.0075123419420524,0.001957901690567504,-0.0980420983094325
1000,600,0.03573403329543899,-0.06426596670456101,0.2797088623046875,-1.0,1.0072330896390465,0.003825060718237199,-0.09617493928176281
1100,600,0.0,-0.1,0.2797088623046875,-1.0,1.0,0.0,-0.1
1200,600,0.0,-0.1,0.2797088623046875,-1.0,1.0,0.0,-0.1
-1200,700,0.0,-0.1,0.2797088623046875,-1.0,1.0,0.0,-0.1
-1100,700,0.006826541181354551,-0.09317345881864546,0.2797088623046875,-1.0,1.001425210430936,6.110727787336247e-05,-0.09993889272212664
-1000,700,0.023822588366524455,-0.07617741163347555,0.2797088623046875,-1.0,1.0046295011895923,0.0009604868668086058,-0.0990395131331914
-900,700,0.06208719562182727,-0.03791280437817274,0.2797088623046875,-1.0,1.0124594413762735,0.009261848502563178,-0.09073815149743683
-800,700,0.1651532358177662,0.08425130548716935,0.28314208984375,-0.8090193033059685,1.0280808275095943,0.0028503195009528344,-0.09040461726407933
-700,700,0.25204585924124256,0.22666866820507658,0.2920989990234375,-0.25377191036165964,1.033091840103437,0.019980880025457604,-0.05366012285894445
-600,700,0.26116400183901894,0.2902243524048055,0.305145263671875,0.2906035056578655,1.0287164588061948,0.016698700663447273,-0.029939861573073698
-500,700,0.24442531423311595,0.2910583295426345,0.3160552978515625,0.4663301530951853,1.0253609951708695,0.010508975894717889,-0.02025428126081795
-400,700,0.2435847657775601,0.29800011967150286,0.320220947265625,0.5441535389394275,1.0250298835353107,0.004623089539357637,-0.030555521510120948
-300,700,0.2508853814311854,0.3084624837165193,0.3205413818359375,0.5757710228533393,1.0257811481111694,0.0034858211194814656,-0.022773331310072562
-200,700,0.2534927342613462,0.30337070186729254,0.316314697265625,0.49877967605946305,1.026061710842778,0.00593514766970011,-0.029953470036090883
-100,700,0.23586583311833242,0.2957948324527012,0.322296142578125,0.5992899933436876,1.0242962220016774,0.005056123224105285,-0.017431118843789103
0,700,0.2350770814768895,0.2943515434249703,0.31671142578125,0.5927446194808076,1.0242065859040692,0.004306614499552813,-0.02944088938329609
100,700,0.23556682738951826,0.29015968294753913,0.3192291259765625,0.5459285555802086,1.02426097837029,0.0035390422601584023,-0.025693263042703817
200,700,0.23493605922584004,0.2959023339096652,0.32025146484375,0.6096627468382516,1.024186548019119,0.004100995617764668,-0.018519372698188295
300,700,0.2399957895851309,0.297839144366582,0.32269287109375,0.5784335478145107,1.024701786515532,0.00274558231537729,-0.021794022743420138
400,700,0.2398419365618606,0.28285280853878536,0.3153533935546875,0.43010871976924786,1.0247546738725952,0.005687641235745753,-0.03665759950088615
500,700,0.2555598103444881,0.28462016091027464,0.3091278076171875,0.2906035056578655,1.0274327080891617,0.007689629395219787,-0.03962565793559894
600,700,0.2396116868084322,0.2308364482905711,0.2904205322265625,-0.08775238517861104,1.0295152037706194,0.009479832882932224,-0.05195793059610039
700,700,0.2171114824872944,0.14921154905041842,0.2837982177734375,-0.6789993343687597,1.0344572262528604,0.029119960056913453,-0.06444560462025539
800,700,0.09051526796694709,-0.008907851624799082,0.2798919677734375,-0.9942311959174617,1.0182088547428665,0.010272912525364653,-0.08972708747463536
900,700,0.02116533072145413,-0.07883466927854588,0.2797088623046875,-1.0,1.0041237681645825,3.976392927933204e-05,-0.09996023607072067
1000,700,0.03573403329543899,-0.06426596670456101,0.2797088623046875,-1.0,1.0072330896390465,0.003825060718237199,-0.09617493928176281
1100,700,0.0,-0.1,0.2797088623046875,-1.0,1.0,0.0,-0.1
1200,700,0.0,-0.1,0.2797088623046875,-1.0,1.0,0.0,-0.1
-1200,800,0.0,-0.1,0.2797088623046875,-1.0,1.0,0.0,-0.1
-1100,800,0.006826541181354551,-0.09317345881864546,0.2797088623046875,-1.0,1.001425210430936,6.110727787336247e-05,-0.09993889272212664
-1000,800,0.023822588366524455,-0.07617741163347555,0.2797088623046875,-1.0,1.0046295011895923,0.0009604868668086058,-0.0990395131331914
-900,800,0.023779487279489572,-0.07622051272051043,0.2797088623046875,-1.0,1.0049313642587283,0.006164447603565822,-0.09383555239643418
-800,800,0.05249161070589388,-0.047253230651993855,0.2797088623046875,-0.9974484135788773,1.0109210487193225,0.0054301783864347045,-0.09456982161356531
-700,800,0.17651229042867692,0.09257619102774503,0.28363037109375,-0.8393609940093189,1.0303466607262757,0.01484862408461864,-0.07839521882640865
-600,800,0.25222018692792075,0.21964863156958928,0.293243408203125,-0.32571555358331483,1.0348326842771463,0.018383911949975955,-0.05120783422264442
-500,800,0.2546658828231868,0.2648555877266703,0.3041839599609375,0.10189704903483471,1.0301208409432447,0.01831348590797799,-0.037011564014365034
-400,800,0.2544982484252489,0.28617120160918497,0.309173583984375,0.316729531839361,1.027457860903059,0.00727646427992601,-0.037786770687901816
-300,800,0.261150526863828,0.3111394330098231,0.313812255859375,0.4998890614599512,1.0271790684078286,0.012122001773795766,-0.01726561748513479
-200,800,0.2510848177307735,0.3035809348818718,0.3160247802734375,0.5249611715109829,1.025911594867758,0.00951405884358027,-0.019662777189257536
-100,800,0.23774211354432437,0.30374499794636567,0.318328857421875,0.6600288440204127,1.0245319375170618,0.004148627648063253,-0.023996479962320592
0,800,0.22778131022087678,0.2900400188962706,0.32177734375,0.6225870867539384,1.0235021829921689,0.004267509219385636,-0.027937948956784767
100,800,0.23485588721563844,0.2970535796940054,0.3233795166015625,0.6219769247836698,1.0242263822136746,0.003058639419574586,-0.024176772162409
200,800,0.2392500976444347,0.29285560019602114,0.311737060546875,0.5360550255158643,1.024742740721652,0.004588832596275993,-0.027516780893850477
300,800,0.24671349129418257,0.28581932666138915,0.3088836669921875,0.39105835367206565,1.0260242466028633,0.007177268376333195,-0.035156878506293836
400,800,0.24591935039639296,0.25764000715255003,0.303253173828125,0.11720656756157088,1.0279592218548916,0.00791666522773343,-0.045400397119726085
500,800,0.2428829252845923,0.230479996507135,0.2954864501953125,-0.12402928777457288,1.0318565111033602,0.015912639726808044,-0.05162674345490929
600,800,0.19397984722501546,0.12996276268984797,0.2859039306640625,-0.6401708453516751,1.0314781712944165,0.012885893538837815,-0.07197099574449922
700,800,0.09177158060888702,-0.007673726690868923,0.280059814453125,-0.9944530729975594,1.0182740459063797,0.010956848094394822,-0.08888783794953685
800,800,0.007463707417160291,-0.09253629258283971,0.2797088623046875,-1.0,1.00162660090584,0.0030281056288068648,-0.09697189437119313
900,800,0.02116533072145413,-0.07883466927854588,0.2797088623046875,-1.0,1.0041237681645825,3.976392927933204e-05,-0.09996023607072067
1000,800,0.03573403329543899,-0.06426596670456101,0.2797088623046875,-1.0,1.0072330896390465,0.003825060718237199,-0.09617493928176281
1100,800,0.0,-0.1,0.2797088623046875,-1.0,1.0,0.0,-0.1
1200,800,0.0,-0.1,0.2797088623046875,-1.0,1.0,0.0,-0.1
-1200,900,0.0,-0.1,0.2797088623046875,-1.0,1.0,0.0,-0.1
-1100,900,0.008369180993835603,-0.0916308190061644,0.2797088623046875,-1.0,1.0017642739292005,6.420083243041468e-05,-0.09993579916756959
-1000,900,0.017239922804288606,-0.0827600771957114,0.2797088623046875,-1.0,1.0033608932885771,0.0002428297941714239,-0.09975717020582858
-900,900,0.016674515298410783,-0.08332548470158922,0.2797088623046875,-1.0,1.0032923022460174,0.008367107590962531,-0.09163289240903748
-800,900,0.01583750928715101,-0.084162490712849,0.2797088623046875,-1.0,1.0031964169478509,0.004206024539564824,-0.09579397546043518
-700,900,0.043591413538025967,-0.05640858646197404,0.2797088623046875,-1.0,1.008648092026871,0.00669934929663389,-0.09330065070336611
-600,900,0.15683788206607124,0.06538569657683228,0.28228759765625,-0.9145218548923896,1.0277539543813483,0.01106929957352161,-0.08447097111651612
-500,900,0.2226126766781119,0.16387071972226544,0.2876129150390625,-0.5874195695584646,1.0331737951077382,0.01384934335516066,-0.06764610816469734
-400,900,0.25964588272393857,0.23514510615415823,0.29547119140625,-0.24500776569780341,1.033635727769205,0.02048788003868936,-0.0443667904738467
-300,900,0.2638576685432521,0.2609067033779537,0.2945404052734375,-0.029509651652984248,1.0314494594911712,0.025145130086816934,-0.037279986398650114
-200,900,0.2718051241520287,0.2663635887626344,0.2971954345703125,-0.05441535389394275,1.031173197158204,0.014727520171633354,-0.04753118850376049
-100,900,0.2607922095987806,0.2917329684183945,0.306976318359375,0.30940758819613934,1.029180626800058,0.014643188584644036,-0.032073030629911105
0,900,0.2585420422084256,0.29002085294727625,0.305023193359375,0.31478810738850677,1.0288215065057829,0.011696172161291164,-0.029783747962960003
100,900,0.25903923008577223,0.28731746394421465,0.30377197265625,0.28278233858442425,1.029293510854779,0.016598946622075617,-0.029728987702308675
200,900,0.2480769473094256,0.2566857780172135,0.2982177734375,0.08608830707787886,1.0290469276707894,0.013745365120384365,-0.048846159175155904
300,900,0.25473096825101615,0.2434540656550543,0.2910003662109375,-0.11276902595961837,1.031325776599136,0.020188819971007316,-0.04938073849360329
400,900,0.23021526275311044,0.18319396255342107,0.2863006591796875,-0.4702130019968937,1.0320629881233212,0.014717133288369579,-0.07081648108926522
500,900,0.1659821295455983,0.07965530460661449,0.2811126708984375,-0.863268249389838,1.028135460595865,0.012429504603491789,-0.08389842972089251
600,900,0.0670235529598856,-0.032976447040114404,0.279876708984375,-1.0,1.013019037279315,0.013960479077420106,-0.0860395209225799
700,900,0.01661078632296998,-0.08338921367703003,0.2797088623046875,-1.0,1.0033503847741272,0.0043659075592950135,-0.09563409244070499
800,900,0.01555840090111378,-0.08444159909888622,0.2797088623046875,-1.0,1.0031263550160254,0.005283517914104257,-0.09471648208589575
900,900,0.02303631896925922,-0.07696368103074078,0.2797088623046875,-1.0,1.0044769000647011,0.001866228955239333,-0.09813377104476068
1000,900,0.04800331916080966,-0.051996680839190346,0.2797088623046875,-1.0,1.0098590695149938,0.0015583301779440936,-0.0984416698220559
1100,900,0.0,-0.1,0.2797088623046875,-1.0,1.0,0.0,-0.1
1200,900,0.0,-0.1,0.2797088623046875,-1.0,1.0,0.0,-0.1
-1200,1000,0.0,-0.1,0.2797088623046875,-1.0,1.0,0.0,-0.1
-1100,1000,0.007625600395247624,-0.09237439960475238,0.2797088623046875,-1.0,1.0016439893931774,0.0007666925292156112,-0.09923330747078439
-1000,1000,0.009685288709936409,-0.0903147112900636,0.2797088623046875,-1.0,1.0019485561914663,0.0002140193684606424,-0.09978598063153936
-900,1000,0.022331091142986877,-0.07766890885701314,0.2797088623046875,-1.0,1.0043700061124772,0.01711603359562204,-0.08288396640437797
-800,1000,0.02041617998470236,-0.07958382001529765,0.2797088623046875,-1.0,1.0039761512179335,0.010987819780914718,-0.08901218021908529
-700,1000,0.02041617998470236,-0.07958382001529765,0.2797088623046875,-1.0,1.0039761512179335,0.010987819780914718,-0.08901218021908529
-600,1000,0.02041617998470236,-0.07958382001529765,0.2797088623046875,-1.0,1.0039761512179335,0.010987819780914718,-0.08901218021908529
-500,1000,0.06751082147259405,-0.032001048951191186,0.2797088623046875,-0.9951187042378522,1.0128317171609054,0.014996057939033454,-0.08500394206096655
-400,1000,0.1360407804671297,0.037860172523930216,0.27972412109375,-0.9818060794319947,1.0239805880618087,0.02732512260917194,-0.07267487739082806
-300,1000,0.19036492061424182,0.11307958668923626,0.28167724609375,-0.7728533392500555,1.0302461798482052,0.02052795443930379,-0.07558919665898776
-200,1000,0.2317091848866097,0.17468677530151983,0.2858428955078125,-0.5702240958508986,1.034598600346011,0.017494954021346147,-0.06788334640022031
-100,1000,0.2256160561645405,0.18992712783083737,0.293609619140625,-0.3568892833370313,1.0323951947916319,0.014835321792466917,-0.060713823980774705
0,1000,0.2266510551793584,0.18558160765328785,0.2908935546875,-0.41069447526070557,1.0324084278866181,0.017034718671150154,-0.06145429841338501
100,1000,0.21525362031214276,0.1730636935315792,0.288909912109375,-0.4218992678056357,1.031453377157954,0.016435403450592398,-0.06437222912096296
200,1000,0.19480704101037902,0.12988026044681122,0.28277587890625,-0.6492678056356779,1.0300521125792523,0.018186490330377086,-0.07424750123829388
300,1000,0.16831459091373352,0.08013509235593454,0.2813720703125,-0.8817949855779897,1.0278511122836347,0.024357964596205463,-0.07375608022296473
400,1000,0.1046804703310444,0.004680470331044392,0.279815673828125,-1.0,1.0190106479474357,0.02624598331632372,-0.07375401668367629
500,1000,0.021164499069816635,-0.07883550093018338,0.2797088623046875,-1.0,1.0041202171104533,0.011141369245353607,-0.0888586307546464
600,1000,0.02041617998470236,-0.07958382001529765,0.2797088623046875,-1.0,1.0039761512179335,0.010987819780914718,-0.08901218021908529
700,1000,0.02041617998470236,-0.07958382001529765,0.2797088623046875,-1.0,1.0039761512179335,0.010987819780914718,-0.08901218021908529
800,1000,0.020729122722877094,-0.07927087727712291,0.2797088623046875,-1.0,1.0040396598498107,0.012550240247516425,-0.08744975975248358
900,1000,0.027003346624881075,-0.07299665337511893,0.2797088623046875,-1.0,1.0053945433230218,0.014399515877236733,-0.08560048412276328
1000,1000,0.03934628748294324,-0.060653712517056764,0.2797088623046875,-1.0,1.0083321371015854,0.000811501051007908,-0.0991884989489921
1100,1000,0.0,-0.1,0.2797088623046875,-1.0,1.0,0.0,-0.1
1200,1000,0.0,-0.1,0.2797088623046875,-1.0,1.0,0.0,-0.1
-1200,1100,0.0,-0.1,0.2797088623046875,-1.0,1.0,0.0,-0.1
-1100,1100,0.003224783623267198,-0.09677521637673281,0.2797088623046875,-1.0,1.000718254811089,0.0007373120598750386,-0.09926268794012497
-1000,1100,0.0042735168555971086,-0.0957264831444029,0.2797088623046875,-1.0,1.000942333800696,0.002058228127287494,-0.09794177187271251
-900,1100,0.006942238355681264,-0.09305776164431874,0.2797088623046875,-1.0,1.0015190254170816,0.0047337850176160795,-0.09526621498238393
-800,1100,0.00724739254016552,-0.09275260745983449,0.2797088623046875,-1.0,1.0015821735179116,0.005599227596607263,-0.09440077240339274
-700,1100,0.00724739254016552,-0.09275260745983449,0.2797088623046875,-1.0,1.0015821735179116,0.005599227596607263,-0.09440077240339274
-600,1100,0.00724739254016552,-0.09275260745983449,0.2797088623046875,-1.0,1.0015821735179116,0.005599227596607263,-0.09440077240339274
-500,1100,0.00724739254016552,-0.09275260745983449,0.2797088623046875,-1.0,1.0015821735179116,0.005599227596607263,-0.09440077240339274
-400,1100,0.008039225053874579,-0.09196077494612542,0.2797088623046875,-1.0,1.0017544775718883,0.0056098847192249295,-0.09439011528077508
-300,1100,0.009161794144237172,-0.09083820585576283,0.2797088623046875,-1.0,1.0019940322722731,0.0060841750340433175,-0.09391582496595668
-200,1100,0.011481188639184911,-0.08851881136081509,0.2797088623046875,-1.0,1.0025023705477296,0.00571941792862676,-0.09428058207137324
-100,1100,0.00724739254016552,-0.09275260745983449,0.2797088623046875,-1.0,1.0015821735179116,0.005599227596607263,-0.09440077240339274
0,1100,0.00724739254016552,-0.09275260745983449,0.2797088623046875,-1.0,1.0015821735179116,0.005599227596607263,-0.09440077240339274
100,1100,0.00724739254016552,-0.09275260745983449,0.2797088623046875,-1.0,1.0015821735179116,0.005599227596607263,-0.09440077240339274
200,1100,0.008039225053874579,-0.09196077494612542,0.2797088623046875,-1.0,1.0017544775718883,0.0056098847192249295,-0.09439011528077508
300,1100,0.009161794144237172,-0.09083820585576283,0.2797088623046875,-1.0,1.0019940322722733,0.0060841750340433175,-0.09391582496595668
400,1100,0.01148118863918491,-0.0885188113608151,0.2797088623046875,-1.0,1.0025023705477298,0.00571941792862676,-0.09428058207137324
500,1100,0.00724739254016552,-0.09275260745983449,0.2797088623046875,-1.0,1.0015821735179116,0.005599227596607263,-0.09440077240339274
600,1100,0.00724739254016552,-0.09275260745983449,0.2797088623046875,-1.0,1.0015821735179116,0.005599227596607263,-0.09440077240339274
700,1100,0.00724739254016552,-0.09275260745983449,0.2797088623046875,-1.0,1.0015821735179116,0.005599227596607263,-0.09440077240339274
800,1100,0.006883251878050378,-0.09311674812194963,0.2797088623046875,-1.0,1.001503120478787,0.005458823670446898,-0.09454117632955311
900,1100,0.003879744233133998,-0.096120255766866,0.2797088623046875,-1.0,1.000853477450341,0.004484014591842049,-0.09551598540815795
1000,1100,0.005105043938599057,-0.09489495606140094,0.2797088623046875,-1.0,1.0011341055009144,0.0015062371049416401,-0.09849376289505836
1100,1100,0.0,-0.1,0.2797088623046875,-1.0,1.0,0.0,-0.1
1200,1100,0.0,-0.1,0.2797088623046875,-1.0,1.0,0.0,-0.1
-1200,1200,0.0,-0.1,0.2797088623046875,-1.0,1.0,0.0,-0.1
-1100,1200,0.0,-0.1,0.2797088623046875,-1.0,1.0,0.0,-0.1
-1000,1200,0.0,-0.1,0.2797088623046875,-1.0,1.0,0.0,-0.1
-900,1200,0.0,-0.1,0.2797088623046875,-1.0,1.0,0.0,-0.1
-800,1200,0.0,-0.1,0.2797088623046875,-1.0,1.0,0.0,-0.1
-700,1200,0.0,-0.1,0.2797088623046875,-1.0,1.0,0.0,-0.1
-600,1200,0.0,-0.1,0.2797088623046875,-1.0,1.0,0.0,-0.1
-500,1200,0.0,-0.1,0.2797088623046875,-1.0,1.0,0.0,-0.1
-400,1200,0.0,-0.1,0.2797088623046875,-1.0,1.0,0.0,-0.1
-300,1200,0.0,-0.1,0.2797088623046875,-1.0,1.0,0.0,-0.1
-200,1200,0.0,-0.1,0.2797088623046875,-1.0,1.0,0.0,-0.1
-100,1200,0.0,-0.1,0.2797088623046875,-1.0,1.0,0.0,-0.1
0,1200,0.0,-0.1,0.2797088623046875,-1.0,1.0,0.0,-0.1
100,1200,0.0,-0.1,0.2797088623046875,-1.0,1.0,0.0,-0.1
200,1200,0.0,-0.1,0.2797088623046875,-1.0,1.0,0.0,-0.1
300,1200,0.0,-0.1,0.2797088623046875,-1.0,1.0,0.0,-0.1
400,1200,0.0,-0.1,0.2797088623046875,-1.0,1.0,0.0,-0.1
500,1200,0.0,-0.1,0.2797088623046875,-1.0,1.0,0.0,-0.1
600,1200,0.0,-0.1,0.2797088623046875,-1.0,1.0,0.0,-0.1
700,1200,0.0,-0.1,0.2797088623046875,-1.0,1.0,0.0,-0.1
800,1200,0.0,-0.1,0.2797088623046875,-1.0,1.0,0.0,-0.1
900,1200,0.0,-0.1,0.2797088623046875,-1.0,1.0,0.0,-0.1
1000,1200,0.0,-0.1,0.2797088623046875,-1.0,1.0,0.0,-0.1
1100,1200,0.0,-0.1,0.2797088623046875,-1.0,1.0,0.0,-0.1
1200,1200,0.0,-0.1,0.2797088623046875,-1.0,1.0,0.0,-0.1
